dataset,field,rel_eb,initial_psnr,initial_ssim,final_psnr,final_ssim,psnr_delta,harm_rate,benefit_rate,skipped,skip_reason
nyx,velocity_x,1e-3,64.770879,0.960492,68.511110,0.987089,3.7402,0.176893,0.528916,0,""
nyx,velocity_x,5e-3,50.795315,0.556353,59.347510,0.922888,8.5522,0.160186,0.822210,0,""
nyx,velocity_x,1e-2,44.758605,0.271399,54.108751,0.858904,9.3501,0.150664,0.844067,0,""
nyx,velocity_y,1e-3,64.770111,0.933545,69.008116,0.979198,4.2380,0.214843,0.617601,0,""
nyx,velocity_y,5e-3,50.800854,0.425588,59.459629,0.878516,8.6588,0.166155,0.823359,0,""
nyx,velocity_y,1e-2,44.731495,0.192604,53.880087,0.788220,9.1486,0.162019,0.835206,0,""
nyx,velocity_z,1e-3,64.772546,0.962157,68.113932,0.985901,3.3414,0.183627,0.506442,0,""
nyx,velocity_z,5e-3,50.794898,0.559852,58.839560,0.907208,8.0447,0.174517,0.807023,0,""
nyx,velocity_z,1e-2,44.755193,0.276103,53.783425,0.827551,9.0282,0.162142,0.832792,0,""
nyx,baryon_density,1e-3,92.978121,0.002034,92.978121,0.002034,0.0000,0.000000,0.000000,1,"skipping compensation"
nyx,baryon_density,5e-3,88.817858,0.000615,88.817858,0.000615,0.0000,0,0,1,"skipping compensation"
nyx,baryon_density,1e-2,86.751905,0.000363,86.751905,0.000363,0.0000,0,0,1,"skipping compensation"
nyx,dark_matter_density,1e-3,78.688234,0.063949,78.688234,0.063949,0.0000,0.000000,0.000000,1,"skipping compensation"
nyx,dark_matter_density,5e-3,73.514726,0.013100,73.514726,0.013100,0.0000,0.000000,0.000000,1,"skipping compensation"
nyx,dark_matter_density,1e-2,71.484658,0.006444,71.484658,0.006444,0.0000,0.000000,0.000000,1,"skipping compensation"
nyx,temperature,1e-3,63.893276,0.203918,68.301757,0.593753,4.4085,0.283172,0.707421,0,""
nyx,temperature,5e-3,54.681982,0.023063,54.681982,0.023063,0.0000,0.000000,0.000000,1,"skipping compensation"
nyx,temperature,1e-2,54.120235,0.004564,54.120235,0.004564,0.0000,0.000000,0.000000,1,"skipping compensation"
hurricane,CLOUDf48.bin,1e-3,74.551865,0.939593,74.551865,0.939593,0.0000,0.000000,0.000000,1,"skipping compensation"
hurricane,CLOUDf48.bin,5e-3,61.245129,0.892339,61.245129,0.892339,0.0000,0.000000,0.000000,1,"skipping compensation"
hurricane,CLOUDf48.bin,1e-2,55.673181,0.866362,55.673181,0.866362,0.0000,0.000000,0.000000,1,"skipping compensation"
hurricane,CLOUDf48.log10.bin,1e-3,61.773900,0.999983,61.772855,0.999983,-0.0010,0.000202,0.000152,0,""
hurricane,CLOUDf48.log10.bin,5e-3,46.638497,0.999594,46.640516,0.999720,0.0020,0.005157,0.008035,0,""
hurricane,CLOUDf48.log10.bin,1e-2,46.092037,0.998581,46.158493,0.999342,0.0665,0.011592,0.021263,0,""
hurricane,Pf48.bin,1e-3,64.802868,0.947586,66.853361,0.987788,2.0505,0.122064,0.365669,0,""
hurricane,Pf48.bin,5e-3,50.730260,0.603833,58.445352,0.953604,7.7151,0.143906,0.784698,0,""
hurricane,Pf48.bin,1e-2,44.815110,0.385721,53.509382,0.897583,8.6943,0.165986,0.824326,0,""
hurricane,PRECIPf48.bin,1e-3,74.109784,0.172587,74.109784,0.172587,0.0000,0.000000,0.000000,1,"skipping compensation"
hurricane,PRECIPf48.bin,5e-3,61.408998,0.111736,61.408998,0.111736,0.0000,0.000000,0.000000,1,"skipping compensation"
hurricane,PRECIPf48.bin,1e-2,56.063184,0.081414,56.063184,0.081414,0.0000,0.000000,0.000000,1,"skipping compensation"
hurricane,PRECIPf48.log10.bin,1e-3,64.766030,0.966049,65.479875,0.984067,0.7138,0.097457,0.204827,0,""
hurricane,PRECIPf48.log10.bin,5e-3,50.823352,0.774299,52.904455,0.893594,2.0811,0.220048,0.475084,0,""
hurricane,PRECIPf48.log10.bin,1e-2,45.079630,0.636999,47.447866,0.800956,2.3682,0.270296,0.541980,0,""
hurricane,QCLOUDf48.bin,1e-3,79.147707,0.940891,79.147707,0.940891,0.0000,0.000000,0.000000,1,"skipping compensation"
hurricane,QCLOUDf48.bin,5e-3,65.418675,0.930278,65.418675,0.930278,0.0000,0.000000,0.000000,1,"skipping compensation"
hurricane,QCLOUDf48.bin,1e-2,59.530910,0.925183,59.530910,0.925183,0.0000,0.000000,0.000000,1,"skipping compensation"
hurricane,QCLOUDf48.log10.bin,1e-3,64.617200,0.999973,64.617200,0.999973,0.0000,0.000000,0.000000,1,"skipping compensation"
hurricane,QCLOUDf48.log10.bin,5e-3,49.403126,0.999516,49.403126,0.999516,0.0000,0.000000,0.000000,1,"skipping compensation"
hurricane,QCLOUDf48.log10.bin,1e-2,48.952024,0.998698,48.952024,0.998698,0.0000,0.000000,0.000000,1,"skipping compensation"
hurricane,QGRAUPf48.bin,1e-3,78.254525,0.073380,78.254525,0.073380,0.0000,0.000000,0.000000,1,"skipping compensation"
hurricane,QGRAUPf48.bin,5e-3,65.587275,0.045637,65.587275,0.045637,0.0000,0.000000,0.000000,1,"skipping compensation"
hurricane,QGRAUPf48.bin,1e-2,60.229760,0.033109,60.229760,0.033109,0.0000,0.000000,0.000000,1,"skipping compensation"
hurricane,QGRAUPf48.log10.bin,1e-3,64.943399,0.978489,65.615293,0.990128,0.6719,0.073277,0.165151,0,""
hurricane,QGRAUPf48.log10.bin,5e-3,50.999884,0.826125,52.995946,0.923073,1.9961,0.193773,0.431790,0,""
hurricane,QGRAUPf48.log10.bin,1e-2,44.927197,0.682216,46.770635,0.832943,1.8434,0.271026,0.487544,0,""
hurricane,QICEf48.bin,1e-3,75.826787,0.943485,75.826787,0.943485,0.0000,0.000000,0.000000,1,"skipping compensation"
hurricane,QICEf48.bin,5e-3,62.554833,0.900854,62.554833,0.900854,0.0000,0.000000,0.000000,1,"skipping compensation"
hurricane,QICEf48.bin,1e-2,57.004798,0.877187,57.004798,0.877187,0.0000,0.000000,0.000000,1,"skipping compensation"
hurricane,QICEf48.log10.bin,1e-3,66.669550,0.999953,66.669550,0.999953,0.0000,0.000000,0.000000,1,"skipping compensation"
hurricane,QICEf48.log10.bin,5e-3,47.273350,0.998961,47.273350,0.998961,0.0000,0.000000,0.000000,1,"skipping compensation"
hurricane,QICEf48.log10.bin,1e-2,46.761185,0.996765,46.761185,0.996765,0.0000,0.000000,0.000000,1,"skipping compensation"
hurricane,QRAINf48.bin,1e-3,78.322715,0.090843,78.322715,0.090843,0.0000,0.000000,0.000000,1,"skipping compensation"
hurricane,QRAINf48.bin,5e-3,65.246262,0.069258,65.246262,0.069258,0.0000,0.000000,0.000000,1,"skipping compensation"
hurricane,QRAINf48.bin,1e-2,59.713286,0.056137,59.713286,0.056137,0.0000,0.000000,0.000000,1,"skipping compensation"
hurricane,QRAINf48.log10.bin,1e-3,64.847768,0.963809,65.530238,0.985189,0.6825,0.071910,0.165837,0,""
hurricane,QRAINf48.log10.bin,5e-3,50.869996,0.811544,52.513936,0.912572,1.6439,0.195160,0.400357,0,""
hurricane,QRAINf48.log10.bin,1e-2,44.930531,0.698337,46.413916,0.837128,1.4834,0.261845,0.455904,0,""
hurricane,QSNOWf48.bin,1e-3,74.717408,0.149419,74.717408,0.149419,0.0000,0.000000,0.000000,1,"skipping compensation"
hurricane,QSNOWf48.bin,5e-3,61.757795,0.106557,61.757795,0.106557,0.0000,0.000000,0.000000,1,"skipping compensation"
hurricane,QSNOWf48.bin,1e-2,56.321683,0.084133,56.321683,0.084133,0.0000,0.000000,0.000000,1,"skipping compensation"
hurricane,QSNOWf48.log10.bin,1e-3,64.898184,0.975831,65.513674,0.988777,0.6155,0.071908,0.161967,0,""
hurricane,QSNOWf48.log10.bin,5e-3,51.010230,0.827444,52.766715,0.917856,1.7565,0.218301,0.430591,0,""
hurricane,QSNOWf48.log10.bin,1e-2,44.769350,0.683825,45.401933,0.802598,0.6326,0.341276,0.441364,0,""
hurricane,QVAPORf48.bin,1e-3,65.228531,0.660019,67.366361,0.736636,2.1378,0.081916,0.444072,0,""
hurricane,QVAPORf48.bin,5e-3,52.512682,0.516288,53.519397,0.626540,1.0067,0.421501,0.289251,0,""
hurricane,QVAPORf48.bin,1e-2,46.770003,0.433618,47.605458,0.567158,0.8355,0.476503,0.321412,0,""
hurricane,TCf48.bin,1e-3,64.788895,0.998102,64.869983,0.998484,0.0811,0.011858,0.024724,0,""
hurricane,TCf48.bin,5e-3,50.806895,0.963408,52.014408,0.983670,1.2075,0.075941,0.218834,0,""
hurricane,TCf48.bin,1e-2,44.801048,0.899577,49.785805,0.965914,4.9848,0.225879,0.611954,0,""
hurricane,Uf48.bin,1e-3,64.791495,0.995396,64.976962,0.996128,0.1855,0.036069,0.069233,0,""
hurricane,Uf48.bin,5e-3,50.812437,0.909984,54.373474,0.968323,3.5610,0.208918,0.570314,0,""
hurricane,Uf48.bin,1e-2,44.783027,0.748742,50.017736,0.916693,5.2347,0.241211,0.711682,0,""
hurricane,Vf48.bin,1e-3,64.789575,0.995436,65.034319,0.996289,0.2447,0.032930,0.069933,0,""
hurricane,Vf48.bin,5e-3,50.815484,0.910867,54.459362,0.969197,3.6439,0.200618,0.572124,0,""
hurricane,Vf48.bin,1e-2,44.776583,0.753443,50.244085,0.923093,5.4675,0.232901,0.718805,0,""
hurricane,Wf48.bin,1e-3,64.814406,0.970469,64.732767,0.969337,-0.0816,0.170754,0.218907,0,""
hurricane,Wf48.bin,5e-3,51.458105,0.536115,53.280304,0.623777,1.8222,0.372692,0.550175,0,""
hurricane,Wf48.bin,1e-2,47.705588,0.202627,47.705588,0.202627,0.0000,0.000000,0.000000,1,"skipping compensation"
