dataset,field,dims,rel_eb,cgeom,geo_scale,harm_rate,benefit_rate,harm_rms,benefit_rms,initial_psnr,initial_ssim,final_psnr,final_ssim,log_file
nyx,velocity_x,512x512x512,1e-3,off,,0.176893,0.528915,3.916232E+04,5.455891E+04,64.770879,0.960492,68.511110,0.987089,/home/jp/git/posterization_mitigation/script/pareto_cgeom_logs/nyx_velocity_x_eb1e-3_cgeomoff.log
nyx,velocity_x,512x512x512,1e-3,on,0.00133754,0.054678,0.651131,1.222337E+03,3.662822E+03,64.770879,0.960492,64.787563,0.960637,/home/jp/git/posterization_mitigation/script/pareto_cgeom_logs/nyx_velocity_x_eb1e-3_cgeomon.log
nyx,velocity_x,512x512x512,5e-3,off,,0.160186,0.822210,1.344681E+05,2.500396E+05,50.795315,0.556353,59.347510,0.922888,/home/jp/git/posterization_mitigation/script/pareto_cgeom_logs/nyx_velocity_x_eb5e-3_cgeomoff.log
nyx,velocity_x,512x512x512,5e-3,on,2.82843,0.146579,0.835817,1.273555E+05,2.471176E+05,50.795315,0.556353,59.434224,0.922355,/home/jp/git/posterization_mitigation/script/pareto_cgeom_logs/nyx_velocity_x_eb5e-3_cgeomon.log
nyx,velocity_x,512x512x512,1e-2,off,,0.150663,0.844067,2.681103E+05,4.998441E+05,44.758605,0.271399,54.108751,0.858904,/home/jp/git/posterization_mitigation/script/pareto_cgeom_logs/nyx_velocity_x_eb1e-2_cgeomoff.log
nyx,velocity_x,512x512x512,1e-2,on,6.00431,0.140791,0.853939,2.537456E+05,4.958101E+05,44.758605,0.271399,54.243278,0.857160,/home/jp/git/posterization_mitigation/script/pareto_cgeom_logs/nyx_velocity_x_eb1e-2_cgeomon.log
nyx,velocity_y,512x512x512,1e-3,off,,0.214842,0.617601,4.543886E+04,6.412330E+04,64.770111,0.933545,69.008116,0.979198,/home/jp/git/posterization_mitigation/script/pareto_cgeom_logs/nyx_velocity_y_eb1e-3_cgeomoff.log
nyx,velocity_y,512x512x512,1e-3,on,1.00106,0.197101,0.635341,4.186926E+04,6.281366E+04,64.770111,0.933545,69.238109,0.980862,/home/jp/git/posterization_mitigation/script/pareto_cgeom_logs/nyx_velocity_y_eb1e-3_cgeomon.log
nyx,velocity_y,512x512x512,5e-3,off,,0.166155,0.823358,1.663331E+05,3.059354E+05,50.800854,0.425588,59.459629,0.878516,/home/jp/git/posterization_mitigation/script/pareto_cgeom_logs/nyx_velocity_y_eb5e-3_cgeomoff.log
nyx,velocity_y,512x512x512,5e-3,on,4.00526,0.155217,0.834296,1.577096E+05,3.030520E+05,50.800854,0.425588,59.573295,0.877797,/home/jp/git/posterization_mitigation/script/pareto_cgeom_logs/nyx_velocity_y_eb5e-3_cgeomon.log
nyx,velocity_y,512x512x512,1e-2,off,,0.162019,0.835206,3.354403E+05,6.153916E+05,44.731495,0.192604,53.880087,0.788220,/home/jp/git/posterization_mitigation/script/pareto_cgeom_logs/nyx_velocity_y_eb1e-2_cgeomoff.log
nyx,velocity_y,512x512x512,1e-2,on,8.13018,0.152591,0.844634,3.160572E+05,6.107551E+05,44.731495,0.192604,54.068924,0.787771,/home/jp/git/posterization_mitigation/script/pareto_cgeom_logs/nyx_velocity_y_eb1e-2_cgeomon.log
nyx,velocity_z,512x512x512,1e-3,off,,0.183626,0.506442,3.585499E+04,4.809716E+04,64.772546,0.962157,68.113932,0.985901,/home/jp/git/posterization_mitigation/script/pareto_cgeom_logs/nyx_velocity_z_eb1e-3_cgeomoff.log
nyx,velocity_z,512x512x512,1e-3,on,0.0012689,0.062625,0.627443,1.126698E+03,3.130142E+03,64.772546,0.962157,64.787691,0.962290,/home/jp/git/posterization_mitigation/script/pareto_cgeom_logs/nyx_velocity_z_eb1e-3_cgeomon.log
nyx,velocity_z,512x512x512,5e-3,off,,0.174517,0.807023,1.234775E+05,2.209187E+05,50.794898,0.559852,58.839560,0.907208,/home/jp/git/posterization_mitigation/script/pareto_cgeom_logs/nyx_velocity_z_eb5e-3_cgeomoff.log
nyx,velocity_z,512x512x512,5e-3,on,2.82944,0.161822,0.819718,1.170879E+05,2.185057E+05,50.794898,0.559852,58.963818,0.908628,/home/jp/git/posterization_mitigation/script/pareto_cgeom_logs/nyx_velocity_z_eb5e-3_cgeomon.log
nyx,velocity_z,512x512x512,1e-2,off,,0.162142,0.832792,2.400653E+05,4.416768E+05,44.755193,0.276103,53.783425,0.827551,/home/jp/git/posterization_mitigation/script/pareto_cgeom_logs/nyx_velocity_z_eb1e-2_cgeomoff.log
nyx,velocity_z,512x512x512,1e-2,on,6.00732,0.152603,0.842332,2.277646E+05,4.382059E+05,44.755193,0.276103,53.927959,0.826750,/home/jp/git/posterization_mitigation/script/pareto_cgeom_logs/nyx_velocity_z_eb1e-2_cgeomon.log
nyx,baryon_density,512x512x512,1e-3,off,,0.000000,0.000000,0.000000E+00,0.000000E+00,92.978121,0.002034,92.978121,0.002034,/home/jp/git/posterization_mitigation/script/pareto_cgeom_logs/nyx_baryon_density_eb1e-3_cgeomoff.log
nyx,baryon_density,512x512x512,1e-3,on,,0.000000,0.000000,0.000000E+00,0.000000E+00,92.978121,0.002034,92.978121,0.002034,/home/jp/git/posterization_mitigation/script/pareto_cgeom_logs/nyx_baryon_density_eb1e-3_cgeomon.log
nyx,baryon_density,512x512x512,5e-3,off,,,,,,88.817858,0.000615,88.817858,0.000615,/home/jp/git/posterization_mitigation/script/pareto_cgeom_logs/nyx_baryon_density_eb5e-3_cgeomoff.log
nyx,baryon_density,512x512x512,5e-3,on,,,,,,88.817858,0.000615,88.817858,0.000615,/home/jp/git/posterization_mitigation/script/pareto_cgeom_logs/nyx_baryon_density_eb5e-3_cgeomon.log
nyx,baryon_density,512x512x512,1e-2,off,,,,,,86.751905,0.000363,86.751905,0.000363,/home/jp/git/posterization_mitigation/script/pareto_cgeom_logs/nyx_baryon_density_eb1e-2_cgeomoff.log
nyx,baryon_density,512x512x512,1e-2,on,,,,,,86.751905,0.000363,86.751905,0.000363,/home/jp/git/posterization_mitigation/script/pareto_cgeom_logs/nyx_baryon_density_eb1e-2_cgeomon.log
nyx,dark_matter_density,512x512x512,1e-3,off,,0.000000,0.000000,0.000000E+00,0.000000E+00,78.688234,0.063949,78.688234,0.063949,/home/jp/git/posterization_mitigation/script/pareto_cgeom_logs/nyx_dark_matter_density_eb1e-3_cgeomoff.log
nyx,dark_matter_density,512x512x512,1e-3,on,,0.000000,0.000000,0.000000E+00,0.000000E+00,78.688234,0.063949,78.688234,0.063949,/home/jp/git/posterization_mitigation/script/pareto_cgeom_logs/nyx_dark_matter_density_eb1e-3_cgeomon.log
nyx,dark_matter_density,512x512x512,5e-3,off,,0.000000,0.000000,0.000000E+00,0.000000E+00,73.514726,0.013100,73.514726,0.013100,/home/jp/git/posterization_mitigation/script/pareto_cgeom_logs/nyx_dark_matter_density_eb5e-3_cgeomoff.log
nyx,dark_matter_density,512x512x512,5e-3,on,,0.000000,0.000000,0.000000E+00,0.000000E+00,73.514726,0.013100,73.514726,0.013100,/home/jp/git/posterization_mitigation/script/pareto_cgeom_logs/nyx_dark_matter_density_eb5e-3_cgeomon.log
nyx,dark_matter_density,512x512x512,1e-2,off,,0.000000,0.000000,0.000000E+00,0.000000E+00,71.484658,0.006444,71.484658,0.006444,/home/jp/git/posterization_mitigation/script/pareto_cgeom_logs/nyx_dark_matter_density_eb1e-2_cgeomoff.log
nyx,dark_matter_density,512x512x512,1e-2,on,,0.000000,0.000000,0.000000E+00,0.000000E+00,71.484658,0.006444,71.484658,0.006444,/home/jp/git/posterization_mitigation/script/pareto_cgeom_logs/nyx_dark_matter_density_eb1e-2_cgeomon.log
nyx,temperature,512x512x512,1e-3,off,,0.283172,0.707421,2.438354E+03,3.283857E+03,63.893276,0.203918,68.301757,0.593753,/home/jp/git/posterization_mitigation/script/pareto_cgeom_logs/nyx_temperature_eb1e-3_cgeomoff.log
nyx,temperature,512x512x512,1e-3,on,7.21422,0.279298,0.711295,2.374447E+03,3.260931E+03,63.893276,0.203918,68.358670,0.600864,/home/jp/git/posterization_mitigation/script/pareto_cgeom_logs/nyx_temperature_eb1e-3_cgeomon.log
nyx,temperature,512x512x512,5e-3,off,,0.000000,0.000000,0.000000E+00,0.000000E+00,54.681982,0.023063,54.681982,0.023063,/home/jp/git/posterization_mitigation/script/pareto_cgeom_logs/nyx_temperature_eb5e-3_cgeomoff.log
nyx,temperature,512x512x512,5e-3,on,,0.000000,0.000000,0.000000E+00,0.000000E+00,54.681982,0.023063,54.681982,0.023063,/home/jp/git/posterization_mitigation/script/pareto_cgeom_logs/nyx_temperature_eb5e-3_cgeomon.log
nyx,temperature,512x512x512,1e-2,off,,0.000000,0.000000,0.000000E+00,0.000000E+00,54.120235,0.004564,54.120235,0.004564,/home/jp/git/posterization_mitigation/script/pareto_cgeom_logs/nyx_temperature_eb1e-2_cgeomoff.log
nyx,temperature,512x512x512,1e-2,on,,0.000000,0.000000,0.000000E+00,0.000000E+00,54.120235,0.004564,54.120235,0.004564,/home/jp/git/posterization_mitigation/script/pareto_cgeom_logs/nyx_temperature_eb1e-2_cgeomon.log
hurricane,CLOUDf48.bin,100x500x500,1e-3,off,,0.000000,0.000000,0.000000E+00,0.000000E+00,74.551865,0.939593,74.551865,0.939593,/home/jp/git/posterization_mitigation/script/pareto_cgeom_logs/hurricane_CLOUDf48_bin_eb1e-3_cgeomoff.log
hurricane,CLOUDf48.bin,100x500x500,1e-3,on,,0.000000,0.000000,0.000000E+00,0.000000E+00,74.551865,0.939593,74.551865,0.939593,/home/jp/git/posterization_mitigation/script/pareto_cgeom_logs/hurricane_CLOUDf48_bin_eb1e-3_cgeomon.log
hurricane,CLOUDf48.bin,100x500x500,5e-3,off,,0.000000,0.000000,0.000000E+00,0.000000E+00,61.245129,0.892339,61.245129,0.892339,/home/jp/git/posterization_mitigation/script/pareto_cgeom_logs/hurricane_CLOUDf48_bin_eb5e-3_cgeomoff.log
hurricane,CLOUDf48.bin,100x500x500,5e-3,on,,0.000000,0.000000,0.000000E+00,0.000000E+00,61.245129,0.892339,61.245129,0.892339,/home/jp/git/posterization_mitigation/script/pareto_cgeom_logs/hurricane_CLOUDf48_bin_eb5e-3_cgeomon.log
hurricane,CLOUDf48.bin,100x500x500,1e-2,off,,0.000000,0.000000,0.000000E+00,0.000000E+00,55.673181,0.866362,55.673181,0.866362,/home/jp/git/posterization_mitigation/script/pareto_cgeom_logs/hurricane_CLOUDf48_bin_eb1e-2_cgeomoff.log
hurricane,CLOUDf48.bin,100x500x500,1e-2,on,,0.000000,0.000000,0.000000E+00,0.000000E+00,55.673181,0.866362,55.673181,0.866362,/home/jp/git/posterization_mitigation/script/pareto_cgeom_logs/hurricane_CLOUDf48_bin_eb1e-2_cgeomon.log
hurricane,Pf48.bin,100x500x500,1e-3,off,,0.122064,0.365669,3.379467E+00,4.337087E+00,64.802868,0.947586,66.853361,0.987788,/home/jp/git/posterization_mitigation/script/pareto_cgeom_logs/hurricane_Pf48_bin_eb1e-3_cgeomoff.log
hurricane,Pf48.bin,100x500x500,1e-3,on,0.003589,0.041352,0.446380,1.641983E-01,4.761875E-01,64.802868,0.947586,64.832804,0.948016,/home/jp/git/posterization_mitigation/script/pareto_cgeom_logs/hurricane_Pf48_bin_eb1e-3_cgeomon.log
hurricane,Pf48.bin,100x500x500,5e-3,off,,0.143906,0.784698,1.185648E+01,2.049040E+01,50.730260,0.603833,58.445352,0.953604,/home/jp/git/posterization_mitigation/script/pareto_cgeom_logs/hurricane_Pf48_bin_eb5e-3_cgeomoff.log
hurricane,Pf48.bin,100x500x500,5e-3,on,3.00097,0.125887,0.802717,1.235297E+01,2.018293E+01,50.730260,0.603833,58.346274,0.949918,/home/jp/git/posterization_mitigation/script/pareto_cgeom_logs/hurricane_Pf48_bin_eb5e-3_cgeomon.log
hurricane,Pf48.bin,100x500x500,1e-2,off,,0.165986,0.824326,2.279032E+01,4.036508E+01,44.815110,0.385721,53.509382,0.897583,/home/jp/git/posterization_mitigation/script/pareto_cgeom_logs/hurricane_Pf48_bin_eb1e-2_cgeomoff.log
hurricane,Pf48.bin,100x500x500,1e-2,on,6.08353,0.119749,0.870563,2.428152E+01,3.943089E+01,44.815110,0.385721,54.127755,0.933766,/home/jp/git/posterization_mitigation/script/pareto_cgeom_logs/hurricane_Pf48_bin_eb1e-2_cgeomon.log
hurricane,PRECIPf48.bin,100x500x500,1e-3,off,,0.000000,0.000000,0.000000E+00,0.000000E+00,74.109784,0.172587,74.109784,0.172587,/home/jp/git/posterization_mitigation/script/pareto_cgeom_logs/hurricane_PRECIPf48_bin_eb1e-3_cgeomoff.log
hurricane,PRECIPf48.bin,100x500x500,1e-3,on,,0.000000,0.000000,0.000000E+00,0.000000E+00,74.109784,0.172587,74.109784,0.172587,/home/jp/git/posterization_mitigation/script/pareto_cgeom_logs/hurricane_PRECIPf48_bin_eb1e-3_cgeomon.log
hurricane,PRECIPf48.bin,100x500x500,5e-3,off,,0.000000,0.000000,0.000000E+00,0.000000E+00,61.408998,0.111736,61.408998,0.111736,/home/jp/git/posterization_mitigation/script/pareto_cgeom_logs/hurricane_PRECIPf48_bin_eb5e-3_cgeomoff.log
hurricane,PRECIPf48.bin,100x500x500,5e-3,on,,0.000000,0.000000,0.000000E+00,0.000000E+00,61.408998,0.111736,61.408998,0.111736,/home/jp/git/posterization_mitigation/script/pareto_cgeom_logs/hurricane_PRECIPf48_bin_eb5e-3_cgeomon.log
hurricane,PRECIPf48.bin,100x500x500,1e-2,off,,0.000000,0.000000,0.000000E+00,0.000000E+00,56.063184,0.081414,56.063184,0.081414,/home/jp/git/posterization_mitigation/script/pareto_cgeom_logs/hurricane_PRECIPf48_bin_eb1e-2_cgeomoff.log
hurricane,PRECIPf48.bin,100x500x500,1e-2,on,,0.000000,0.000000,0.000000E+00,0.000000E+00,56.063184,0.081414,56.063184,0.081414,/home/jp/git/posterization_mitigation/script/pareto_cgeom_logs/hurricane_PRECIPf48_bin_eb1e-2_cgeomon.log
hurricane,QCLOUDf48.bin,100x500x500,1e-3,off,,0.000000,0.000000,0.000000E+00,0.000000E+00,79.147707,0.940891,79.147707,0.940891,/home/jp/git/posterization_mitigation/script/pareto_cgeom_logs/hurricane_QCLOUDf48_bin_eb1e-3_cgeomoff.log
hurricane,QCLOUDf48.bin,100x500x500,1e-3,on,,0.000000,0.000000,0.000000E+00,0.000000E+00,79.147707,0.940891,79.147707,0.940891,/home/jp/git/posterization_mitigation/script/pareto_cgeom_logs/hurricane_QCLOUDf48_bin_eb1e-3_cgeomon.log
hurricane,QCLOUDf48.bin,100x500x500,5e-3,off,,0.000000,0.000000,0.000000E+00,0.000000E+00,65.418675,0.930278,65.418675,0.930278,/home/jp/git/posterization_mitigation/script/pareto_cgeom_logs/hurricane_QCLOUDf48_bin_eb5e-3_cgeomoff.log
hurricane,QCLOUDf48.bin,100x500x500,5e-3,on,,0.000000,0.000000,0.000000E+00,0.000000E+00,65.418675,0.930278,65.418675,0.930278,/home/jp/git/posterization_mitigation/script/pareto_cgeom_logs/hurricane_QCLOUDf48_bin_eb5e-3_cgeomon.log
hurricane,QCLOUDf48.bin,100x500x500,1e-2,off,,0.000000,0.000000,0.000000E+00,0.000000E+00,59.530910,0.925183,59.530910,0.925183,/home/jp/git/posterization_mitigation/script/pareto_cgeom_logs/hurricane_QCLOUDf48_bin_eb1e-2_cgeomoff.log
hurricane,QCLOUDf48.bin,100x500x500,1e-2,on,,0.000000,0.000000,0.000000E+00,0.000000E+00,59.530910,0.925183,59.530910,0.925183,/home/jp/git/posterization_mitigation/script/pareto_cgeom_logs/hurricane_QCLOUDf48_bin_eb1e-2_cgeomon.log
hurricane,QGRAUPf48.bin,100x500x500,1e-3,off,,0.000000,0.000000,0.000000E+00,0.000000E+00,78.254525,0.073380,78.254525,0.073380,/home/jp/git/posterization_mitigation/script/pareto_cgeom_logs/hurricane_QGRAUPf48_bin_eb1e-3_cgeomoff.log
hurricane,QGRAUPf48.bin,100x500x500,1e-3,on,,0.000000,0.000000,0.000000E+00,0.000000E+00,78.254525,0.073380,78.254525,0.073380,/home/jp/git/posterization_mitigation/script/pareto_cgeom_logs/hurricane_QGRAUPf48_bin_eb1e-3_cgeomon.log
hurricane,QGRAUPf48.bin,100x500x500,5e-3,off,,0.000000,0.000000,0.000000E+00,0.000000E+00,65.587275,0.045637,65.587275,0.045637,/home/jp/git/posterization_mitigation/script/pareto_cgeom_logs/hurricane_QGRAUPf48_bin_eb5e-3_cgeomoff.log
hurricane,QGRAUPf48.bin,100x500x500,5e-3,on,,0.000000,0.000000,0.000000E+00,0.000000E+00,65.587275,0.045637,65.587275,0.045637,/home/jp/git/posterization_mitigation/script/pareto_cgeom_logs/hurricane_QGRAUPf48_bin_eb5e-3_cgeomon.log
hurricane,QGRAUPf48.bin,100x500x500,1e-2,off,,0.000000,0.000000,0.000000E+00,0.000000E+00,60.229760,0.033109,60.229760,0.033109,/home/jp/git/posterization_mitigation/script/pareto_cgeom_logs/hurricane_QGRAUPf48_bin_eb1e-2_cgeomoff.log
hurricane,QGRAUPf48.bin,100x500x500,1e-2,on,,0.000000,0.000000,0.000000E+00,0.000000E+00,60.229760,0.033109,60.229760,0.033109,/home/jp/git/posterization_mitigation/script/pareto_cgeom_logs/hurricane_QGRAUPf48_bin_eb1e-2_cgeomon.log
hurricane,QICEf48.bin,100x500x500,1e-3,off,,0.000000,0.000000,0.000000E+00,0.000000E+00,75.826787,0.943485,75.826787,0.943485,/home/jp/git/posterization_mitigation/script/pareto_cgeom_logs/hurricane_QICEf48_bin_eb1e-3_cgeomoff.log
hurricane,QICEf48.bin,100x500x500,1e-3,on,,0.000000,0.000000,0.000000E+00,0.000000E+00,75.826787,0.943485,75.826787,0.943485,/home/jp/git/posterization_mitigation/script/pareto_cgeom_logs/hurricane_QICEf48_bin_eb1e-3_cgeomon.log
hurricane,QICEf48.bin,100x500x500,5e-3,off,,0.000000,0.000000,0.000000E+00,0.000000E+00,62.554833,0.900854,62.554833,0.900854,/home/jp/git/posterization_mitigation/script/pareto_cgeom_logs/hurricane_QICEf48_bin_eb5e-3_cgeomoff.log
hurricane,QICEf48.bin,100x500x500,5e-3,on,,0.000000,0.000000,0.000000E+00,0.000000E+00,62.554833,0.900854,62.554833,0.900854,/home/jp/git/posterization_mitigation/script/pareto_cgeom_logs/hurricane_QICEf48_bin_eb5e-3_cgeomon.log
hurricane,QICEf48.bin,100x500x500,1e-2,off,,0.000000,0.000000,0.000000E+00,0.000000E+00,57.004798,0.877187,57.004798,0.877187,/home/jp/git/posterization_mitigation/script/pareto_cgeom_logs/hurricane_QICEf48_bin_eb1e-2_cgeomoff.log
hurricane,QICEf48.bin,100x500x500,1e-2,on,,0.000000,0.000000,0.000000E+00,0.000000E+00,57.004798,0.877187,57.004798,0.877187,/home/jp/git/posterization_mitigation/script/pareto_cgeom_logs/hurricane_QICEf48_bin_eb1e-2_cgeomon.log
hurricane,QRAINf48.bin,100x500x500,1e-3,off,,0.000000,0.000000,0.000000E+00,0.000000E+00,78.322715,0.090843,78.322715,0.090843,/home/jp/git/posterization_mitigation/script/pareto_cgeom_logs/hurricane_QRAINf48_bin_eb1e-3_cgeomoff.log
hurricane,QRAINf48.bin,100x500x500,1e-3,on,,0.000000,0.000000,0.000000E+00,0.000000E+00,78.322715,0.090843,78.322715,0.090843,/home/jp/git/posterization_mitigation/script/pareto_cgeom_logs/hurricane_QRAINf48_bin_eb1e-3_cgeomon.log
hurricane,QRAINf48.bin,100x500x500,5e-3,off,,0.000000,0.000000,0.000000E+00,0.000000E+00,65.246262,0.069258,65.246262,0.069258,/home/jp/git/posterization_mitigation/script/pareto_cgeom_logs/hurricane_QRAINf48_bin_eb5e-3_cgeomoff.log
hurricane,QRAINf48.bin,100x500x500,5e-3,on,,0.000000,0.000000,0.000000E+00,0.000000E+00,65.246262,0.069258,65.246262,0.069258,/home/jp/git/posterization_mitigation/script/pareto_cgeom_logs/hurricane_QRAINf48_bin_eb5e-3_cgeomon.log
hurricane,QRAINf48.bin,100x500x500,1e-2,off,,0.000000,0.000000,0.000000E+00,0.000000E+00,59.713286,0.056137,59.713286,0.056137,/home/jp/git/posterization_mitigation/script/pareto_cgeom_logs/hurricane_QRAINf48_bin_eb1e-2_cgeomoff.log
hurricane,QRAINf48.bin,100x500x500,1e-2,on,,0.000000,0.000000,0.000000E+00,0.000000E+00,59.713286,0.056137,59.713286,0.056137,/home/jp/git/posterization_mitigation/script/pareto_cgeom_logs/hurricane_QRAINf48_bin_eb1e-2_cgeomon.log
hurricane,QSNOWf48.bin,100x500x500,1e-3,off,,0.000000,0.000000,0.000000E+00,0.000000E+00,74.717408,0.149419,74.717408,0.149419,/home/jp/git/posterization_mitigation/script/pareto_cgeom_logs/hurricane_QSNOWf48_bin_eb1e-3_cgeomoff.log
hurricane,QSNOWf48.bin,100x500x500,1e-3,on,,0.000000,0.000000,0.000000E+00,0.000000E+00,74.717408,0.149419,74.717408,0.149419,/home/jp/git/posterization_mitigation/script/pareto_cgeom_logs/hurricane_QSNOWf48_bin_eb1e-3_cgeomon.log
hurricane,QSNOWf48.bin,100x500x500,5e-3,off,,0.000000,0.000000,0.000000E+00,0.000000E+00,61.757795,0.106557,61.757795,0.106557,/home/jp/git/posterization_mitigation/script/pareto_cgeom_logs/hurricane_QSNOWf48_bin_eb5e-3_cgeomoff.log
hurricane,QSNOWf48.bin,100x500x500,5e-3,on,,0.000000,0.000000,0.000000E+00,0.000000E+00,61.757795,0.106557,61.757795,0.106557,/home/jp/git/posterization_mitigation/script/pareto_cgeom_logs/hurricane_QSNOWf48_bin_eb5e-3_cgeomon.log
hurricane,QSNOWf48.bin,100x500x500,1e-2,off,,0.000000,0.000000,0.000000E+00,0.000000E+00,56.321683,0.084133,56.321683,0.084133,/home/jp/git/posterization_mitigation/script/pareto_cgeom_logs/hurricane_QSNOWf48_bin_eb1e-2_cgeomoff.log
hurricane,QSNOWf48.bin,100x500x500,1e-2,on,,0.000000,0.000000,0.000000E+00,0.000000E+00,56.321683,0.084133,56.321683,0.084133,/home/jp/git/posterization_mitigation/script/pareto_cgeom_logs/hurricane_QSNOWf48_bin_eb1e-2_cgeomon.log
hurricane,QVAPORf48.bin,100x500x500,1e-3,off,,0.081916,0.444072,8.856895E-06,1.113526E-05,65.228531,0.660019,67.366361,0.736636,/home/jp/git/posterization_mitigation/script/pareto_cgeom_logs/hurricane_QVAPORf48_bin_eb1e-3_cgeomoff.log
hurricane,QVAPORf48.bin,100x500x500,1e-3,on,11.0563,0.077188,0.448800,9.080241E-06,1.080708E-05,65.228531,0.660019,67.222036,0.699477,/home/jp/git/posterization_mitigation/script/pareto_cgeom_logs/hurricane_QVAPORf48_bin_eb1e-3_cgeomon.log
hurricane,QVAPORf48.bin,100x500x500,5e-3,off,,0.421501,0.289251,4.084356E-05,6.405771E-05,52.512682,0.516288,53.519397,0.626540,/home/jp/git/posterization_mitigation/script/pareto_cgeom_logs/hurricane_QVAPORf48_bin_eb5e-3_cgeomoff.log
hurricane,QVAPORf48.bin,100x500x500,5e-3,on,21.0119,0.410839,0.299913,3.569642E-05,6.292960E-05,52.512682,0.516288,53.963949,0.605766,/home/jp/git/posterization_mitigation/script/pareto_cgeom_logs/hurricane_QVAPORf48_bin_eb5e-3_cgeomon.log
hurricane,QVAPORf48.bin,100x500x500,1e-2,off,,0.476503,0.321412,9.021029E-05,1.297738E-04,46.770003,0.433618,47.605458,0.567158,/home/jp/git/posterization_mitigation/script/pareto_cgeom_logs/hurricane_QVAPORf48_bin_eb1e-2_cgeomoff.log
hurricane,QVAPORf48.bin,100x500x500,1e-2,on,25.1597,0.476499,0.321416,8.054363E-05,1.297730E-04,46.770003,0.433618,48.105100,0.563585,/home/jp/git/posterization_mitigation/script/pareto_cgeom_logs/hurricane_QVAPORf48_bin_eb1e-2_cgeomon.log
hurricane,TCf48.bin,100x500x500,1e-3,off,,0.011858,0.024724,7.489048E-02,7.410374E-02,64.788895,0.998102,64.869983,0.998484,/home/jp/git/posterization_mitigation/script/pareto_cgeom_logs/hurricane_TCf48_bin_eb1e-3_cgeomoff.log
hurricane,TCf48.bin,100x500x500,1e-3,on,0.001221,0.004909,0.031672,3.065481E-03,4.815435E-03,64.788895,0.998102,64.789694,0.998105,/home/jp/git/posterization_mitigation/script/pareto_cgeom_logs/hurricane_TCf48_bin_eb1e-3_cgeomon.log
hurricane,TCf48.bin,100x500x500,5e-3,off,,0.075941,0.218832,2.755043E-01,3.608789E-01,50.806895,0.963408,52.014408,0.983670,/home/jp/git/posterization_mitigation/script/pareto_cgeom_logs/hurricane_TCf48_bin_eb5e-3_cgeomoff.log
hurricane,TCf48.bin,100x500x500,5e-3,on,0.0017945,0.030576,0.264199,9.283567E-03,2.774500E-02,50.806895,0.963408,50.816213,0.963533,/home/jp/git/posterization_mitigation/script/pareto_cgeom_logs/hurricane_TCf48_bin_eb5e-3_cgeomon.log
hurricane,TCf48.bin,100x500x500,1e-2,off,,0.225878,0.611953,4.994861E-01,7.131705E-01,44.801048,0.899577,49.785805,0.965914,/home/jp/git/posterization_mitigation/script/pareto_cgeom_logs/hurricane_TCf48_bin_eb1e-2_cgeomoff.log
hurricane,TCf48.bin,100x500x500,1e-2,on,1.0007,0.206748,0.631084,4.466121E-01,6.967054E-01,44.801048,0.899577,50.176553,0.968838,/home/jp/git/posterization_mitigation/script/pareto_cgeom_logs/hurricane_TCf48_bin_eb1e-2_cgeomon.log
hurricane,Uf48.bin,100x500x500,1e-3,off,,0.036069,0.069233,7.010798E-02,6.540576E-02,64.791495,0.995396,64.976962,0.996128,/home/jp/git/posterization_mitigation/script/pareto_cgeom_logs/hurricane_Uf48_bin_eb1e-3_cgeomoff.log
hurricane,Uf48.bin,100x500x500,1e-3,on,0.001221,0.015812,0.089490,3.014343E-03,4.280622E-03,64.791495,0.995396,64.793780,0.995403,/home/jp/git/posterization_mitigation/script/pareto_cgeom_logs/hurricane_Uf48_bin_eb1e-3_cgeomon.log
hurricane,Uf48.bin,100x500x500,5e-3,off,,0.208917,0.570314,2.315930E-01,2.989887E-01,50.812437,0.909984,54.373474,0.968323,/home/jp/git/posterization_mitigation/script/pareto_cgeom_logs/hurricane_Uf48_bin_eb5e-3_cgeomoff.log
hurricane,Uf48.bin,100x500x500,5e-3,on,1.00152,0.188244,0.590987,2.074420E-01,2.909260E-01,50.812437,0.909984,54.681214,0.971123,/home/jp/git/posterization_mitigation/script/pareto_cgeom_logs/hurricane_Uf48_bin_eb5e-3_cgeomon.log
hurricane,Uf48.bin,100x500x500,1e-2,off,,0.241211,0.711682,4.197167E-01,5.832015E-01,44.783027,0.748742,50.017736,0.916693,/home/jp/git/posterization_mitigation/script/pareto_cgeom_logs/hurricane_Uf48_bin_eb1e-2_cgeomoff.log
hurricane,Uf48.bin,100x500x500,1e-2,on,1.41581,0.216635,0.736257,3.750095E-01,5.685104E-01,44.783027,0.748742,50.441049,0.924963,/home/jp/git/posterization_mitigation/script/pareto_cgeom_logs/hurricane_Uf48_bin_eb1e-2_cgeomon.log
hurricane,Vf48.bin,100x500x500,1e-3,off,,0.032930,0.069932,6.684131E-02,6.623651E-02,64.789575,0.995436,65.034319,0.996289,/home/jp/git/posterization_mitigation/script/pareto_cgeom_logs/hurricane_Vf48_bin_eb1e-3_cgeomoff.log
hurricane,Vf48.bin,100x500x500,1e-3,on,0.001221,0.013282,0.089581,2.788094E-03,4.345701E-03,64.789575,0.995436,64.791943,0.995443,/home/jp/git/posterization_mitigation/script/pareto_cgeom_logs/hurricane_Vf48_bin_eb1e-3_cgeomon.log
hurricane,Vf48.bin,100x500x500,5e-3,off,,0.200617,0.572124,2.309732E-01,3.015513E-01,50.815484,0.910867,54.459362,0.969197,/home/jp/git/posterization_mitigation/script/pareto_cgeom_logs/hurricane_Vf48_bin_eb5e-3_cgeomoff.log
hurricane,Vf48.bin,100x500x500,5e-3,on,1.00072,0.179892,0.592850,2.072862E-01,2.933278E-01,50.815484,0.910867,54.738521,0.971534,/home/jp/git/posterization_mitigation/script/pareto_cgeom_logs/hurricane_Vf48_bin_eb5e-3_cgeomon.log
hurricane,Vf48.bin,100x500x500,1e-2,off,,0.232901,0.718805,4.155619E-01,5.891765E-01,44.776583,0.753443,50.244085,0.923093,/home/jp/git/posterization_mitigation/script/pareto_cgeom_logs/hurricane_Vf48_bin_eb1e-2_cgeomoff.log
hurricane,Vf48.bin,100x500x500,1e-2,on,1.41473,0.208186,0.743519,3.734861E-01,5.743046E-01,44.776583,0.753443,50.620659,0.928956,/home/jp/git/posterization_mitigation/script/pareto_cgeom_logs/hurricane_Vf48_bin_eb1e-2_cgeomon.log
hurricane,Wf48.bin,100x500x500,1e-3,off,,0.170754,0.218907,1.321540E-02,1.133010E-02,64.814406,0.970469,64.732767,0.969337,/home/jp/git/posterization_mitigation/script/pareto_cgeom_logs/hurricane_Wf48_bin_eb1e-3_cgeomoff.log
hurricane,Wf48.bin,100x500x500,1e-3,on,0.00156364,0.094756,0.294905,6.209475E-04,8.069386E-04,64.814406,0.970469,64.821861,0.970539,/home/jp/git/posterization_mitigation/script/pareto_cgeom_logs/hurricane_Wf48_bin_eb1e-3_cgeomon.log
hurricane,Wf48.bin,100x500x500,5e-3,off,,0.372692,0.550175,4.478178E-02,5.080872E-02,51.458105,0.536115,53.280304,0.623777,/home/jp/git/posterization_mitigation/script/pareto_cgeom_logs/hurricane_Wf48_bin_eb5e-3_cgeomoff.log
hurricane,Wf48.bin,100x500x500,5e-3,on,2.23948,0.358275,0.564592,4.299884E-02,4.983309E-02,51.458105,0.536115,53.510964,0.632551,/home/jp/git/posterization_mitigation/script/pareto_cgeom_logs/hurricane_Wf48_bin_eb5e-3_cgeomon.log
hurricane,Wf48.bin,100x500x500,1e-2,off,,0.000000,0.000000,0.000000E+00,0.000000E+00,47.705588,0.202627,47.705588,0.202627,/home/jp/git/posterization_mitigation/script/pareto_cgeom_logs/hurricane_Wf48_bin_eb1e-2_cgeomoff.log
hurricane,Wf48.bin,100x500x500,1e-2,on,,0.000000,0.000000,0.000000E+00,0.000000E+00,47.705588,0.202627,47.705588,0.202627,/home/jp/git/posterization_mitigation/script/pareto_cgeom_logs/hurricane_Wf48_bin_eb1e-2_cgeomon.log
hurricane,CLOUDf48.log10.bin,100x500x500,1e-3,off,,0.000202,0.000152,1.100446E-02,7.273522E-03,61.773900,0.999983,61.772855,0.999983,/home/jp/git/posterization_mitigation/script/pareto_cgeom_logs/hurricane_CLOUDf48_log10_bin_eb1e-3_cgeomoff.log
hurricane,CLOUDf48.log10.bin,100x500x500,1e-3,on,23.0682,0.000202,0.000152,1.100446E-02,7.273522E-03,61.773900,0.999983,61.772855,0.999983,/home/jp/git/posterization_mitigation/script/pareto_cgeom_logs/hurricane_CLOUDf48_log10_bin_eb1e-3_cgeomon.log
hurricane,CLOUDf48.log10.bin,100x500x500,5e-3,off,,0.005157,0.008035,4.172373E-02,3.530855E-02,46.638497,0.999594,46.640516,0.999720,/home/jp/git/posterization_mitigation/script/pareto_cgeom_logs/hurricane_CLOUDf48_log10_bin_eb5e-3_cgeomoff.log
hurricane,CLOUDf48.log10.bin,100x500x500,5e-3,on,23.0682,0.005157,0.008035,4.172373E-02,3.530855E-02,46.638497,0.999594,46.640516,0.999720,/home/jp/git/posterization_mitigation/script/pareto_cgeom_logs/hurricane_CLOUDf48_log10_bin_eb5e-3_cgeomon.log
hurricane,CLOUDf48.log10.bin,100x500x500,1e-2,off,,0.011592,0.021263,7.235385E-02,6.829414E-02,46.092037,0.998581,46.158493,0.999342,/home/jp/git/posterization_mitigation/script/pareto_cgeom_logs/hurricane_CLOUDf48_log10_bin_eb1e-2_cgeomoff.log
hurricane,CLOUDf48.log10.bin,100x500x500,1e-2,on,23.0682,0.011592,0.021263,7.235385E-02,6.829414E-02,46.092037,0.998581,46.158493,0.999342,/home/jp/git/posterization_mitigation/script/pareto_cgeom_logs/hurricane_CLOUDf48_log10_bin_eb1e-2_cgeomon.log
hurricane,PRECIPf48.log10.bin,100x500x500,1e-3,off,,0.097456,0.204827,2.295819E-02,2.381847E-02,64.766030,0.966049,65.479875,0.984067,/home/jp/git/posterization_mitigation/script/pareto_cgeom_logs/hurricane_PRECIPf48_log10_bin_eb1e-3_cgeomoff.log
hurricane,PRECIPf48.log10.bin,100x500x500,1e-3,on,0.00190726,0.046921,0.255362,1.131868E-03,1.853893E-03,64.766030,0.966049,64.774339,0.966174,/home/jp/git/posterization_mitigation/script/pareto_cgeom_logs/hurricane_PRECIPf48_log10_bin_eb1e-3_cgeomon.log
hurricane,PRECIPf48.log10.bin,100x500x500,5e-3,off,,0.220047,0.475083,1.028587E-01,1.157496E-01,50.823352,0.774299,52.904455,0.893594,/home/jp/git/posterization_mitigation/script/pareto_cgeom_logs/hurricane_PRECIPf48_log10_bin_eb5e-3_cgeomoff.log
hurricane,PRECIPf48.log10.bin,100x500x500,5e-3,on,1.41481,0.195688,0.499442,9.568876E-02,1.108535E-01,50.823352,0.774299,53.113455,0.901765,/home/jp/git/posterization_mitigation/script/pareto_cgeom_logs/hurricane_PRECIPf48_log10_bin_eb5e-3_cgeomon.log
hurricane,PRECIPf48.log10.bin,100x500x500,1e-2,off,,0.270296,0.541980,1.953808E-01,2.233871E-01,45.079630,0.636999,47.447866,0.800956,/home/jp/git/posterization_mitigation/script/pareto_cgeom_logs/hurricane_PRECIPf48_log10_bin_eb1e-2_cgeomoff.log
hurricane,PRECIPf48.log10.bin,100x500x500,1e-2,on,3.0048,0.249749,0.562528,1.889000E-01,2.173871E-01,45.079630,0.636999,47.629333,0.815013,/home/jp/git/posterization_mitigation/script/pareto_cgeom_logs/hurricane_PRECIPf48_log10_bin_eb1e-2_cgeomon.log
hurricane,QCLOUDf48.log10.bin,100x500x500,1e-3,off,,0.000000,0.000000,0.000000E+00,0.000000E+00,64.617200,0.999973,64.617200,0.999973,/home/jp/git/posterization_mitigation/script/pareto_cgeom_logs/hurricane_QCLOUDf48_log10_bin_eb1e-3_cgeomoff.log
hurricane,QCLOUDf48.log10.bin,100x500x500,1e-3,on,,0.000000,0.000000,0.000000E+00,0.000000E+00,64.617200,0.999973,64.617200,0.999973,/home/jp/git/posterization_mitigation/script/pareto_cgeom_logs/hurricane_QCLOUDf48_log10_bin_eb1e-3_cgeomon.log
hurricane,QCLOUDf48.log10.bin,100x500x500,5e-3,off,,0.000000,0.000000,0.000000E+00,0.000000E+00,49.403126,0.999516,49.403126,0.999516,/home/jp/git/posterization_mitigation/script/pareto_cgeom_logs/hurricane_QCLOUDf48_log10_bin_eb5e-3_cgeomoff.log
hurricane,QCLOUDf48.log10.bin,100x500x500,5e-3,on,,0.000000,0.000000,0.000000E+00,0.000000E+00,49.403126,0.999516,49.403126,0.999516,/home/jp/git/posterization_mitigation/script/pareto_cgeom_logs/hurricane_QCLOUDf48_log10_bin_eb5e-3_cgeomon.log
hurricane,QCLOUDf48.log10.bin,100x500x500,1e-2,off,,0.000000,0.000000,0.000000E+00,0.000000E+00,48.952024,0.998698,48.952024,0.998698,/home/jp/git/posterization_mitigation/script/pareto_cgeom_logs/hurricane_QCLOUDf48_log10_bin_eb1e-2_cgeomoff.log
hurricane,QCLOUDf48.log10.bin,100x500x500,1e-2,on,,0.000000,0.000000,0.000000E+00,0.000000E+00,48.952024,0.998698,48.952024,0.998698,/home/jp/git/posterization_mitigation/script/pareto_cgeom_logs/hurricane_QCLOUDf48_log10_bin_eb1e-2_cgeomon.log
hurricane,QGRAUPf48.log10.bin,100x500x500,1e-3,off,,0.073276,0.165149,2.201452E-02,2.388979E-02,64.943399,0.978489,65.615293,0.990128,/home/jp/git/posterization_mitigation/script/pareto_cgeom_logs/hurricane_QGRAUPf48_log10_bin_eb1e-3_cgeomoff.log
hurricane,QGRAUPf48.log10.bin,100x500x500,1e-3,on,0.00156364,0.033089,0.205337,9.642693E-04,1.693942E-03,64.943399,0.978489,64.949320,0.978560,/home/jp/git/posterization_mitigation/script/pareto_cgeom_logs/hurricane_QGRAUPf48_log10_bin_eb1e-3_cgeomon.log
hurricane,QGRAUPf48.log10.bin,100x500x500,5e-3,off,,0.193772,0.431789,1.024761E-01,1.156882E-01,50.999884,0.826125,52.995946,0.923073,/home/jp/git/posterization_mitigation/script/pareto_cgeom_logs/hurricane_QGRAUPf48_log10_bin_eb5e-3_cgeomoff.log
hurricane,QGRAUPf48.log10.bin,100x500x500,5e-3,on,1.0022,0.162584,0.462978,9.223442E-02,1.084621E-01,50.999884,0.826125,53.217577,0.926677,/home/jp/git/posterization_mitigation/script/pareto_cgeom_logs/hurricane_QGRAUPf48_log10_bin_eb5e-3_cgeomon.log
hurricane,QGRAUPf48.log10.bin,100x500x500,1e-2,off,,0.271026,0.487543,2.083728E-01,2.309104E-01,44.927197,0.682216,46.770635,0.832943,/home/jp/git/posterization_mitigation/script/pareto_cgeom_logs/hurricane_QGRAUPf48_log10_bin_eb1e-2_cgeomoff.log
hurricane,QGRAUPf48.log10.bin,100x500x500,1e-2,on,2.45531,0.257356,0.501212,1.859013E-01,2.246812E-01,44.927197,0.682216,47.137585,0.848117,/home/jp/git/posterization_mitigation/script/pareto_cgeom_logs/hurricane_QGRAUPf48_log10_bin_eb1e-2_cgeomon.log
hurricane,QICEf48.log10.bin,100x500x500,1e-3,off,,0.000000,0.000000,0.000000E+00,0.000000E+00,66.669550,0.999953,66.669550,0.999953,/home/jp/git/posterization_mitigation/script/pareto_cgeom_logs/hurricane_QICEf48_log10_bin_eb1e-3_cgeomoff.log
hurricane,QICEf48.log10.bin,100x500x500,1e-3,on,,0.000000,0.000000,0.000000E+00,0.000000E+00,66.669550,0.999953,66.669550,0.999953,/home/jp/git/posterization_mitigation/script/pareto_cgeom_logs/hurricane_QICEf48_log10_bin_eb1e-3_cgeomon.log
hurricane,QICEf48.log10.bin,100x500x500,5e-3,off,,0.000000,0.000000,0.000000E+00,0.000000E+00,47.273350,0.998961,47.273350,0.998961,/home/jp/git/posterization_mitigation/script/pareto_cgeom_logs/hurricane_QICEf48_log10_bin_eb5e-3_cgeomoff.log
hurricane,QICEf48.log10.bin,100x500x500,5e-3,on,,0.000000,0.000000,0.000000E+00,0.000000E+00,47.273350,0.998961,47.273350,0.998961,/home/jp/git/posterization_mitigation/script/pareto_cgeom_logs/hurricane_QICEf48_log10_bin_eb5e-3_cgeomon.log
hurricane,QICEf48.log10.bin,100x500x500,1e-2,off,,0.000000,0.000000,0.000000E+00,0.000000E+00,46.761185,0.996765,46.761185,0.996765,/home/jp/git/posterization_mitigation/script/pareto_cgeom_logs/hurricane_QICEf48_log10_bin_eb1e-2_cgeomoff.log
hurricane,QICEf48.log10.bin,100x500x500,1e-2,on,,0.000000,0.000000,0.000000E+00,0.000000E+00,46.761185,0.996765,46.761185,0.996765,/home/jp/git/posterization_mitigation/script/pareto_cgeom_logs/hurricane_QICEf48_log10_bin_eb1e-2_cgeomon.log
hurricane,QRAINf48.log10.bin,100x500x500,1e-3,off,,0.071908,0.165836,2.122826E-02,2.370790E-02,64.847768,0.963809,65.530238,0.985189,/home/jp/git/posterization_mitigation/script/pareto_cgeom_logs/hurricane_QRAINf48_log10_bin_eb1e-3_cgeomoff.log
hurricane,QRAINf48.log10.bin,100x500x500,1e-3,on,0.00259588,0.033851,0.203871,1.126748E-03,2.118329E-03,64.847768,0.963809,64.856833,0.963972,/home/jp/git/posterization_mitigation/script/pareto_cgeom_logs/hurricane_QRAINf48_log10_bin_eb1e-3_cgeomon.log
hurricane,QRAINf48.log10.bin,100x500x500,5e-3,off,,0.195159,0.400356,1.076839E-01,1.178040E-01,50.869996,0.811544,52.513936,0.912572,/home/jp/git/posterization_mitigation/script/pareto_cgeom_logs/hurricane_QRAINf48_log10_bin_eb5e-3_cgeomoff.log
hurricane,QRAINf48.log10.bin,100x500x500,5e-3,on,1.00265,0.168949,0.426567,9.269756E-02,1.091551E-01,50.869996,0.811544,52.723866,0.909898,/home/jp/git/posterization_mitigation/script/pareto_cgeom_logs/hurricane_QRAINf48_log10_bin_eb5e-3_cgeomon.log
hurricane,QRAINf48.log10.bin,100x500x500,1e-2,off,,0.261845,0.455903,2.223260E-01,2.332931E-01,44.930531,0.698337,46.413916,0.837128,/home/jp/git/posterization_mitigation/script/pareto_cgeom_logs/hurricane_QRAINf48_log10_bin_eb1e-2_cgeomoff.log
hurricane,QRAINf48.log10.bin,100x500x500,1e-2,on,2.45465,0.249932,0.467817,1.887742E-01,2.261346E-01,44.930531,0.698337,46.909825,0.856340,/home/jp/git/posterization_mitigation/script/pareto_cgeom_logs/hurricane_QRAINf48_log10_bin_eb1e-2_cgeomon.log
hurricane,QSNOWf48.log10.bin,100x500x500,1e-3,off,,0.071907,0.161966,2.238061E-02,2.327772E-02,64.898184,0.975831,65.513674,0.988777,/home/jp/git/posterization_mitigation/script/pareto_cgeom_logs/hurricane_QSNOWf48_log10_bin_eb1e-3_cgeomoff.log
hurricane,QSNOWf48.log10.bin,100x500x500,1e-3,on,0.00172676,0.033685,0.200189,1.061702E-03,1.734253E-03,64.898184,0.975831,64.904445,0.975912,/home/jp/git/posterization_mitigation/script/pareto_cgeom_logs/hurricane_QSNOWf48_log10_bin_eb1e-3_cgeomon.log
hurricane,QSNOWf48.log10.bin,100x500x500,5e-3,off,,0.218300,0.430590,9.925307E-02,1.113546E-01,51.010230,0.827444,52.766715,0.917856,/home/jp/git/posterization_mitigation/script/pareto_cgeom_logs/hurricane_QSNOWf48_log10_bin_eb5e-3_cgeomoff.log
hurricane,QSNOWf48.log10.bin,100x500x500,5e-3,on,1.00216,0.182818,0.466073,8.943844E-02,1.043897E-01,51.010230,0.827444,53.067280,0.924277,/home/jp/git/posterization_mitigation/script/pareto_cgeom_logs/hurricane_QSNOWf48_log10_bin_eb5e-3_cgeomon.log
hurricane,QSNOWf48.log10.bin,100x500x500,1e-2,off,,0.341276,0.441363,2.203641E-01,2.234649E-01,44.769350,0.683825,45.401933,0.802598,/home/jp/git/posterization_mitigation/script/pareto_cgeom_logs/hurricane_QSNOWf48_log10_bin_eb1e-2_cgeomoff.log
hurricane,QSNOWf48.log10.bin,100x500x500,1e-2,on,3.0032,0.328080,0.454559,1.838869E-01,2.189546E-01,44.769350,0.683825,46.107741,0.830146,/home/jp/git/posterization_mitigation/script/pareto_cgeom_logs/hurricane_QSNOWf48_log10_bin_eb1e-2_cgeomon.log
