dataset,field,dims,rel_eb,downsample_factor,edt_total_s,edt_round1_s,edt_round2_s,fill_sign_s,neutral_boundary_s,downsample_boundary_s,compensation_stage_s,initial_psnr,initial_ssim,final_psnr,final_ssim,log_file,sparsity,edge_density,skipped,skip_reason,harm_rate,benefit_rate
nyx,velocity_x,512x512x512,1e-3,0,3.2174,1.4547,1.7627,0.035251,0.153182,0,0.0883854,64.770879,0.960492,68.647653,0.988038,/home/jp/git/posterization_mitigation/script/pareto_logs/nyx_velocity_x_eb1e-3_f0.log,0.989357,0.857252,0,,0.179239,0.526569
nyx,velocity_x,512x512x512,1e-3,2,2.49298,2.22977,0.26321,0.0303567,0.146768,0.171609,0.223491,64.770879,0.960492,68.511110,0.987089,/home/jp/git/posterization_mitigation/script/pareto_logs/nyx_velocity_x_eb1e-3_f2.log,0.989357,0.857252,0,,0.176893,0.528915
nyx,velocity_x,512x512x512,1e-3,4,1.88837,1.86966,0.0187059,0.0303221,0.149542,0.168311,0.221941,64.770879,0.960492,68.610890,0.986708,/home/jp/git/posterization_mitigation/script/pareto_logs/nyx_velocity_x_eb1e-3_f4.log,0.989357,0.857252,0,,0.150200,0.555608
nyx,velocity_x,512x512x512,1e-3,8,1.80226,1.79865,0.00360982,0.0305078,0.14744,0.169068,0.222386,64.770879,0.960492,68.698863,0.986830,/home/jp/git/posterization_mitigation/script/pareto_logs/nyx_velocity_x_eb1e-3_f8.log,0.989357,0.857252,0,,0.131033,0.574775
nyx,velocity_x,512x512x512,5e-3,0,4.22497,2.11471,2.11026,0.0478138,0.136309,0,0.0683392,50.795315,0.556353,59.578210,0.926100,/home/jp/git/posterization_mitigation/script/pareto_logs/nyx_velocity_x_eb5e-3_f0.log,0.949016,0.266869,0,,0.157475,0.824921
nyx,velocity_x,512x512x512,5e-3,2,2.45192,2.17983,0.272094,0.0493829,0.142847,0.249702,0.232332,50.795315,0.556353,59.347510,0.922888,/home/jp/git/posterization_mitigation/script/pareto_logs/nyx_velocity_x_eb5e-3_f2.log,0.949016,0.266869,0,,0.160186,0.822210
nyx,velocity_x,512x512x512,5e-3,4,2.33732,2.32074,0.0165727,0.0552596,0.137609,0.244886,0.222239,50.795315,0.556353,57.855942,0.896195,/home/jp/git/posterization_mitigation/script/pareto_logs/nyx_velocity_x_eb5e-3_f4.log,0.949016,0.266869,0,,0.150502,0.831894
nyx,velocity_x,512x512x512,5e-3,8,1.98419,1.98142,0.00277604,0.0497138,0.136091,0.243865,0.222988,50.795315,0.556353,55.712518,0.812611,/home/jp/git/posterization_mitigation/script/pareto_logs/nyx_velocity_x_eb5e-3_f8.log,0.949016,0.266869,0,,0.129552,0.852844
nyx,velocity_x,512x512x512,1e-2,0,4.0805,2.07607,2.00442,0.0599248,0.109392,0,0.0524847,44.758605,0.271399,54.173234,0.861462,/home/jp/git/posterization_mitigation/script/pareto_logs/nyx_velocity_x_eb1e-2_f0.log,0.898317,0.142408,0,,0.151717,0.843013
nyx,velocity_x,512x512x512,1e-2,2,2.65587,2.3848,0.271077,0.068128,0.112953,0.177965,0.225206,44.758605,0.271399,54.108751,0.858904,/home/jp/git/posterization_mitigation/script/pareto_logs/nyx_velocity_x_eb1e-2_f2.log,0.898317,0.142408,0,,0.150663,0.844067
nyx,velocity_x,512x512x512,1e-2,4,2.03876,2.01972,0.0190355,0.0665871,0.111755,0.174621,0.224454,44.758605,0.271399,53.689987,0.845163,/home/jp/git/posterization_mitigation/script/pareto_logs/nyx_velocity_x_eb1e-2_f4.log,0.898317,0.142408,0,,0.145460,0.849271
nyx,velocity_x,512x512x512,1e-2,8,2.09356,2.09006,0.00350679,0.0619749,0.113054,0.174099,0.222497,44.758605,0.271399,51.543561,0.763838,/home/jp/git/posterization_mitigation/script/pareto_logs/nyx_velocity_x_eb1e-2_f8.log,0.898317,0.142408,0,,0.138067,0.856663
nyx,velocity_y,512x512x512,1e-3,0,4.26822,1.98591,2.2823,0.0398336,0.177362,0,0.0680079,64.770111,0.933545,69.261835,0.981125,/home/jp/git/posterization_mitigation/script/pareto_logs/nyx_velocity_y_eb1e-3_f0.log,0.976838,0.756916,0,,0.218209,0.614234
nyx,velocity_y,512x512x512,1e-3,2,2.43097,2.1798,0.251169,0.04308,0.176409,0.234666,0.25231,64.770111,0.933545,69.008116,0.979198,/home/jp/git/posterization_mitigation/script/pareto_logs/nyx_velocity_y_eb1e-3_f2.log,0.976838,0.756916,0,,0.214842,0.617601
nyx,velocity_y,512x512x512,1e-3,4,1.90424,1.88361,0.0206269,0.0453017,0.186333,0.230059,0.225084,64.770111,0.933545,69.033891,0.977291,/home/jp/git/posterization_mitigation/script/pareto_logs/nyx_velocity_y_eb1e-3_f4.log,0.976838,0.756916,0,,0.179774,0.652669
nyx,velocity_y,512x512x512,1e-3,8,1.90034,1.89763,0.00271039,0.0404636,0.175845,0.228858,0.222574,64.770111,0.933545,69.120158,0.977134,/home/jp/git/posterization_mitigation/script/pareto_logs/nyx_velocity_y_eb1e-3_f8.log,0.976838,0.756916,0,,0.162130,0.670313
nyx,velocity_y,512x512x512,5e-3,0,4.30953,2.19441,2.11513,0.0476424,0.135259,0,0.0558741,50.800854,0.425588,59.587817,0.881162,/home/jp/git/posterization_mitigation/script/pareto_logs/nyx_velocity_y_eb5e-3_f0.log,0.888878,0.208787,0,,0.166304,0.823209
nyx,velocity_y,512x512x512,5e-3,2,2.57237,2.34099,0.231387,0.0545769,0.132789,0.212892,0.224709,50.800854,0.425588,59.459629,0.878516,/home/jp/git/posterization_mitigation/script/pareto_logs/nyx_velocity_y_eb5e-3_f2.log,0.888878,0.208787,0,,0.166155,0.823358
nyx,velocity_y,512x512x512,5e-3,4,2.27142,2.25278,0.0186424,0.0542962,0.130085,0.209442,0.223873,50.800854,0.425588,58.631765,0.860543,/home/jp/git/posterization_mitigation/script/pareto_logs/nyx_velocity_y_eb5e-3_f4.log,0.888878,0.208787,0,,0.157953,0.831561
nyx,velocity_y,512x512x512,5e-3,8,1.82079,1.8177,0.00309618,0.0544908,0.12908,0.207864,0.222593,50.800854,0.425588,56.159897,0.763308,/home/jp/git/posterization_mitigation/script/pareto_logs/nyx_velocity_y_eb5e-3_f8.log,0.888878,0.208787,0,,0.140373,0.849140
nyx,velocity_y,512x512x512,1e-2,0,3.93516,2.0178,1.91736,0.0508656,0.107249,0,0.0518807,44.731495,0.192604,53.895062,0.789877,/home/jp/git/posterization_mitigation/script/pareto_logs/nyx_velocity_y_eb1e-2_f0.log,0.777563,0.110588,0,,0.164226,0.832999
nyx,velocity_y,512x512x512,1e-2,2,2.57102,2.31556,0.255452,0.0518188,0.110337,0.154745,0.224103,44.731495,0.192604,53.880087,0.788220,/home/jp/git/posterization_mitigation/script/pareto_logs/nyx_velocity_y_eb1e-2_f2.log,0.777563,0.110588,0,,0.162019,0.835206
nyx,velocity_y,512x512x512,1e-2,4,2.28025,2.25794,0.0223046,0.0541907,0.115005,0.151403,0.239706,44.731495,0.192604,53.661636,0.778123,/home/jp/git/posterization_mitigation/script/pareto_logs/nyx_velocity_y_eb1e-2_f4.log,0.777563,0.110588,0,,0.156529,0.840696
nyx,velocity_y,512x512x512,1e-2,8,2.00751,2.00413,0.00338184,0.0583814,0.11105,0.149417,0.222469,44.731495,0.192604,52.501608,0.728926,/home/jp/git/posterization_mitigation/script/pareto_logs/nyx_velocity_y_eb1e-2_f8.log,0.777563,0.110588,0,,0.149083,0.848141
nyx,velocity_z,512x512x512,1e-3,0,3.86654,1.78026,2.08628,0.0344128,0.173072,0,0.0629099,64.772546,0.962157,68.232720,0.986747,/home/jp/git/posterization_mitigation/script/pareto_logs/nyx_velocity_z_eb1e-3_f0.log,0.979482,0.862322,0,,0.186136,0.503932
nyx,velocity_z,512x512x512,1e-3,2,2.23797,1.93398,0.30399,0.0396826,0.174772,0.166175,0.224706,64.772546,0.962157,68.113932,0.985901,/home/jp/git/posterization_mitigation/script/pareto_logs/nyx_velocity_z_eb1e-3_f2.log,0.979482,0.862322,0,,0.183626,0.506442
nyx,velocity_z,512x512x512,1e-3,4,1.73188,1.71306,0.0188165,0.0337373,0.171447,0.160801,0.222705,64.772546,0.962157,68.254686,0.986184,/home/jp/git/posterization_mitigation/script/pareto_logs/nyx_velocity_z_eb1e-3_f4.log,0.979482,0.862322,0,,0.155538,0.534530
nyx,velocity_z,512x512x512,1e-3,8,1.60788,1.60488,0.00300185,0.0341947,0.176348,0.162091,0.2216,64.772546,0.962157,68.333315,0.986403,/home/jp/git/posterization_mitigation/script/pareto_logs/nyx_velocity_z_eb1e-3_f8.log,0.979482,0.862322,0,,0.135975,0.554093
nyx,velocity_z,512x512x512,5e-3,0,3.71363,1.88844,1.8252,0.0475655,0.151983,0,0.0516781,50.794898,0.559852,59.044851,0.909992,/home/jp/git/posterization_mitigation/script/pareto_logs/nyx_velocity_z_eb5e-3_f0.log,0.898293,0.275798,0,,0.173279,0.808262
nyx,velocity_z,512x512x512,5e-3,2,2.36631,2.11079,0.255515,0.0564925,0.152699,0.230297,0.223681,50.794898,0.559852,58.839560,0.907208,/home/jp/git/posterization_mitigation/script/pareto_logs/nyx_velocity_z_eb5e-3_f2.log,0.898293,0.275798,0,,0.174517,0.807023
nyx,velocity_z,512x512x512,5e-3,4,2.10755,2.08575,0.0218031,0.0461346,0.152445,0.22652,0.238731,50.794898,0.559852,57.647260,0.884314,/home/jp/git/posterization_mitigation/script/pareto_logs/nyx_velocity_z_eb5e-3_f4.log,0.898293,0.275798,0,,0.162492,0.819048
nyx,velocity_z,512x512x512,5e-3,8,2.23509,2.23214,0.00294834,0.0516459,0.152328,0.227647,0.226748,50.794898,0.559852,55.656733,0.804192,/home/jp/git/posterization_mitigation/script/pareto_logs/nyx_velocity_z_eb5e-3_f8.log,0.898293,0.275798,0,,0.141287,0.840254
nyx,velocity_z,512x512x512,1e-2,0,4.21872,2.16128,2.05743,0.0611675,0.124395,0,0.0525571,44.755193,0.276103,53.834594,0.829710,/home/jp/git/posterization_mitigation/script/pareto_logs/nyx_velocity_z_eb1e-2_f0.log,0.797192,0.147357,0,,0.163938,0.830997
nyx,velocity_z,512x512x512,1e-2,2,2.51361,2.22316,0.290453,0.0519959,0.131403,0.159883,0.2239,44.755193,0.276103,53.783425,0.827551,/home/jp/git/posterization_mitigation/script/pareto_logs/nyx_velocity_z_eb1e-2_f2.log,0.797192,0.147357,0,,0.162142,0.832792
nyx,velocity_z,512x512x512,1e-2,4,2.18521,2.16448,0.0207327,0.0690398,0.12741,0.157779,0.224078,44.755193,0.276103,53.377546,0.814648,/home/jp/git/posterization_mitigation/script/pareto_logs/nyx_velocity_z_eb1e-2_f4.log,0.797192,0.147357,0,,0.155315,0.839619
nyx,velocity_z,512x512x512,1e-2,8,2.2349,2.2311,0.00380147,0.0677884,0.127172,0.155019,0.22443,44.755193,0.276103,51.516980,0.741825,/home/jp/git/posterization_mitigation/script/pareto_logs/nyx_velocity_z_eb1e-2_f8.log,0.797192,0.147357,0,,0.145253,0.849682
nyx,baryon_density,512x512x512,1e-3,0,,,,,,,,92.978121,0.002034,92.978121,0.002034,/home/jp/git/posterization_mitigation/script/pareto_logs/nyx_baryon_density_eb1e-3_f0.log,0.000169262,,1,sparsity,0.000000,0.000000
nyx,baryon_density,512x512x512,1e-3,2,,,,,,,,92.978121,0.002034,92.978121,0.002034,/home/jp/git/posterization_mitigation/script/pareto_logs/nyx_baryon_density_eb1e-3_f2.log,0.000169262,,1,sparsity,0.000000,0.000000
nyx,baryon_density,512x512x512,1e-3,4,,,,,,,,92.978121,0.002034,92.978121,0.002034,/home/jp/git/posterization_mitigation/script/pareto_logs/nyx_baryon_density_eb1e-3_f4.log,0.000169262,,1,sparsity,0.000000,0.000000
nyx,baryon_density,512x512x512,1e-3,8,,,,,,,,92.978121,0.002034,92.978121,0.002034,/home/jp/git/posterization_mitigation/script/pareto_logs/nyx_baryon_density_eb1e-3_f8.log,0.000169262,,1,sparsity,0.000000,0.000000
nyx,baryon_density,512x512x512,5e-3,0,,,,,,,,88.817858,0.000615,88.817858,0.000615,/home/jp/git/posterization_mitigation/script/pareto_logs/nyx_baryon_density_eb5e-3_f0.log,,,1,pre_check,,
nyx,baryon_density,512x512x512,5e-3,2,,,,,,,,88.817858,0.000615,88.817858,0.000615,/home/jp/git/posterization_mitigation/script/pareto_logs/nyx_baryon_density_eb5e-3_f2.log,,,1,pre_check,,
nyx,baryon_density,512x512x512,5e-3,4,,,,,,,,88.817858,0.000615,88.817858,0.000615,/home/jp/git/posterization_mitigation/script/pareto_logs/nyx_baryon_density_eb5e-3_f4.log,,,1,pre_check,,
nyx,baryon_density,512x512x512,5e-3,8,,,,,,,,88.817858,0.000615,88.817858,0.000615,/home/jp/git/posterization_mitigation/script/pareto_logs/nyx_baryon_density_eb5e-3_f8.log,,,1,pre_check,,
nyx,baryon_density,512x512x512,1e-2,0,,,,,,,,86.751905,0.000363,86.751905,0.000363,/home/jp/git/posterization_mitigation/script/pareto_logs/nyx_baryon_density_eb1e-2_f0.log,,,1,pre_check,,
nyx,baryon_density,512x512x512,1e-2,2,,,,,,,,86.751905,0.000363,86.751905,0.000363,/home/jp/git/posterization_mitigation/script/pareto_logs/nyx_baryon_density_eb1e-2_f2.log,,,1,pre_check,,
nyx,baryon_density,512x512x512,1e-2,4,,,,,,,,86.751905,0.000363,86.751905,0.000363,/home/jp/git/posterization_mitigation/script/pareto_logs/nyx_baryon_density_eb1e-2_f4.log,,,1,pre_check,,
nyx,baryon_density,512x512x512,1e-2,8,,,,,,,,86.751905,0.000363,86.751905,0.000363,/home/jp/git/posterization_mitigation/script/pareto_logs/nyx_baryon_density_eb1e-2_f8.log,,,1,pre_check,,
nyx,dark_matter_density,512x512x512,1e-3,0,,,,,,,,78.688234,0.063949,78.688234,0.063949,/home/jp/git/posterization_mitigation/script/pareto_logs/nyx_dark_matter_density_eb1e-3_f0.log,0.00699309,,1,sparsity,0.000000,0.000000
nyx,dark_matter_density,512x512x512,1e-3,2,,,,,,,,78.688234,0.063949,78.688234,0.063949,/home/jp/git/posterization_mitigation/script/pareto_logs/nyx_dark_matter_density_eb1e-3_f2.log,0.00699309,,1,sparsity,0.000000,0.000000
nyx,dark_matter_density,512x512x512,1e-3,4,,,,,,,,78.688234,0.063949,78.688234,0.063949,/home/jp/git/posterization_mitigation/script/pareto_logs/nyx_dark_matter_density_eb1e-3_f4.log,0.00699309,,1,sparsity,0.000000,0.000000
nyx,dark_matter_density,512x512x512,1e-3,8,,,,,,,,78.688234,0.063949,78.688234,0.063949,/home/jp/git/posterization_mitigation/script/pareto_logs/nyx_dark_matter_density_eb1e-3_f8.log,0.00699309,,1,sparsity,0.000000,0.000000
nyx,dark_matter_density,512x512x512,5e-3,0,,,,,,,,73.514726,0.013100,73.514726,0.013100,/home/jp/git/posterization_mitigation/script/pareto_logs/nyx_dark_matter_density_eb5e-3_f0.log,0.000730008,,1,sparsity,0.000000,0.000000
nyx,dark_matter_density,512x512x512,5e-3,2,,,,,,,,73.514726,0.013100,73.514726,0.013100,/home/jp/git/posterization_mitigation/script/pareto_logs/nyx_dark_matter_density_eb5e-3_f2.log,0.000730008,,1,sparsity,0.000000,0.000000
nyx,dark_matter_density,512x512x512,5e-3,4,,,,,,,,73.514726,0.013100,73.514726,0.013100,/home/jp/git/posterization_mitigation/script/pareto_logs/nyx_dark_matter_density_eb5e-3_f4.log,0.000730008,,1,sparsity,0.000000,0.000000
nyx,dark_matter_density,512x512x512,5e-3,8,,,,,,,,73.514726,0.013100,73.514726,0.013100,/home/jp/git/posterization_mitigation/script/pareto_logs/nyx_dark_matter_density_eb5e-3_f8.log,0.000730008,,1,sparsity,0.000000,0.000000
nyx,dark_matter_density,512x512x512,1e-2,0,,,,,,,,71.484658,0.006444,71.484658,0.006444,/home/jp/git/posterization_mitigation/script/pareto_logs/nyx_dark_matter_density_eb1e-2_f0.log,0.000277407,,1,sparsity,0.000000,0.000000
nyx,dark_matter_density,512x512x512,1e-2,2,,,,,,,,71.484658,0.006444,71.484658,0.006444,/home/jp/git/posterization_mitigation/script/pareto_logs/nyx_dark_matter_density_eb1e-2_f2.log,0.000277407,,1,sparsity,0.000000,0.000000
nyx,dark_matter_density,512x512x512,1e-2,4,,,,,,,,71.484658,0.006444,71.484658,0.006444,/home/jp/git/posterization_mitigation/script/pareto_logs/nyx_dark_matter_density_eb1e-2_f4.log,0.000277407,,1,sparsity,0.000000,0.000000
nyx,dark_matter_density,512x512x512,1e-2,8,,,,,,,,71.484658,0.006444,71.484658,0.006444,/home/jp/git/posterization_mitigation/script/pareto_logs/nyx_dark_matter_density_eb1e-2_f8.log,0.000277407,,1,sparsity,0.000000,0.000000
nyx,temperature,512x512x512,1e-3,0,4.67014,2.37951,2.29063,0.0614515,0.109936,0,0.051546,63.893276,0.203918,68.239675,0.593902,/home/jp/git/posterization_mitigation/script/pareto_logs/nyx_temperature_eb1e-3_f0.log,0.182711,0.118405,0,,0.285312,0.705281
nyx,temperature,512x512x512,1e-3,2,2.57288,2.32228,0.250593,0.0588054,0.115721,0.145953,0.223579,63.893276,0.203918,68.301757,0.593753,/home/jp/git/posterization_mitigation/script/pareto_logs/nyx_temperature_eb1e-3_f2.log,0.182711,0.118405,0,,0.283172,0.707421
nyx,temperature,512x512x512,1e-3,4,2.13604,2.11264,0.0233996,0.0728126,0.12069,0.142306,0.223851,63.893276,0.203918,68.401963,0.588713,/home/jp/git/posterization_mitigation/script/pareto_logs/nyx_temperature_eb1e-3_f4.log,0.182711,0.118405,0,,0.277504,0.713089
nyx,temperature,512x512x512,1e-3,8,2.36549,2.36241,0.00308345,0.055825,0.114458,0.1405,0.222221,63.893276,0.203918,68.563978,0.558377,/home/jp/git/posterization_mitigation/script/pareto_logs/nyx_temperature_eb1e-3_f8.log,0.182711,0.118405,0,,0.262640,0.727953
nyx,temperature,512x512x512,5e-3,0,,,,,,,,54.681982,0.023063,54.681982,0.023063,/home/jp/git/posterization_mitigation/script/pareto_logs/nyx_temperature_eb5e-3_f0.log,0.0166679,,1,sparsity,0.000000,0.000000
nyx,temperature,512x512x512,5e-3,2,,,,,,,,54.681982,0.023063,54.681982,0.023063,/home/jp/git/posterization_mitigation/script/pareto_logs/nyx_temperature_eb5e-3_f2.log,0.0166679,,1,sparsity,0.000000,0.000000
nyx,temperature,512x512x512,5e-3,4,,,,,,,,54.681982,0.023063,54.681982,0.023063,/home/jp/git/posterization_mitigation/script/pareto_logs/nyx_temperature_eb5e-3_f4.log,0.0166679,,1,sparsity,0.000000,0.000000
nyx,temperature,512x512x512,5e-3,8,,,,,,,,54.681982,0.023063,54.681982,0.023063,/home/jp/git/posterization_mitigation/script/pareto_logs/nyx_temperature_eb5e-3_f8.log,0.0166679,,1,sparsity,0.000000,0.000000
nyx,temperature,512x512x512,1e-2,0,,,,,,,,54.120235,0.004564,54.120235,0.004564,/home/jp/git/posterization_mitigation/script/pareto_logs/nyx_temperature_eb1e-2_f0.log,0.00173351,,1,sparsity,0.000000,0.000000
nyx,temperature,512x512x512,1e-2,2,,,,,,,,54.120235,0.004564,54.120235,0.004564,/home/jp/git/posterization_mitigation/script/pareto_logs/nyx_temperature_eb1e-2_f2.log,0.00173351,,1,sparsity,0.000000,0.000000
nyx,temperature,512x512x512,1e-2,4,,,,,,,,54.120235,0.004564,54.120235,0.004564,/home/jp/git/posterization_mitigation/script/pareto_logs/nyx_temperature_eb1e-2_f4.log,0.00173351,,1,sparsity,0.000000,0.000000
nyx,temperature,512x512x512,1e-2,8,,,,,,,,54.120235,0.004564,54.120235,0.004564,/home/jp/git/posterization_mitigation/script/pareto_logs/nyx_temperature_eb1e-2_f8.log,0.00173351,,1,sparsity,0.000000,0.000000
hurricane,CLOUDf48.bin,100x500x500,1e-3,0,,,,,,,,74.551865,0.939593,74.551865,0.939593,/home/jp/git/posterization_mitigation/script/pareto_logs/hurricane_CLOUDf48_bin_eb1e-3_f0.log,0.0889219,,1,sparsity,0.000000,0.000000
hurricane,CLOUDf48.bin,100x500x500,1e-3,2,,,,,,,,74.551865,0.939593,74.551865,0.939593,/home/jp/git/posterization_mitigation/script/pareto_logs/hurricane_CLOUDf48_bin_eb1e-3_f2.log,0.0889219,,1,sparsity,0.000000,0.000000
hurricane,CLOUDf48.bin,100x500x500,1e-3,4,,,,,,,,74.551865,0.939593,74.551865,0.939593,/home/jp/git/posterization_mitigation/script/pareto_logs/hurricane_CLOUDf48_bin_eb1e-3_f4.log,0.0889219,,1,sparsity,0.000000,0.000000
hurricane,CLOUDf48.bin,100x500x500,1e-3,8,,,,,,,,74.551865,0.939593,74.551865,0.939593,/home/jp/git/posterization_mitigation/script/pareto_logs/hurricane_CLOUDf48_bin_eb1e-3_f8.log,0.0889219,,1,sparsity,0.000000,0.000000
hurricane,CLOUDf48.bin,100x500x500,5e-3,0,,,,,,,,61.245129,0.892339,61.245129,0.892339,/home/jp/git/posterization_mitigation/script/pareto_logs/hurricane_CLOUDf48_bin_eb5e-3_f0.log,0.0667006,,1,sparsity,0.000000,0.000000
hurricane,CLOUDf48.bin,100x500x500,5e-3,2,,,,,,,,61.245129,0.892339,61.245129,0.892339,/home/jp/git/posterization_mitigation/script/pareto_logs/hurricane_CLOUDf48_bin_eb5e-3_f2.log,0.0667006,,1,sparsity,0.000000,0.000000
hurricane,CLOUDf48.bin,100x500x500,5e-3,4,,,,,,,,61.245129,0.892339,61.245129,0.892339,/home/jp/git/posterization_mitigation/script/pareto_logs/hurricane_CLOUDf48_bin_eb5e-3_f4.log,0.0667006,,1,sparsity,0.000000,0.000000
hurricane,CLOUDf48.bin,100x500x500,5e-3,8,,,,,,,,61.245129,0.892339,61.245129,0.892339,/home/jp/git/posterization_mitigation/script/pareto_logs/hurricane_CLOUDf48_bin_eb5e-3_f8.log,0.0667006,,1,sparsity,0.000000,0.000000
hurricane,CLOUDf48.bin,100x500x500,1e-2,0,,,,,,,,55.673181,0.866362,55.673181,0.866362,/home/jp/git/posterization_mitigation/script/pareto_logs/hurricane_CLOUDf48_bin_eb1e-2_f0.log,0.0549986,,1,sparsity,0.000000,0.000000
hurricane,CLOUDf48.bin,100x500x500,1e-2,2,,,,,,,,55.673181,0.866362,55.673181,0.866362,/home/jp/git/posterization_mitigation/script/pareto_logs/hurricane_CLOUDf48_bin_eb1e-2_f2.log,0.0549986,,1,sparsity,0.000000,0.000000
hurricane,CLOUDf48.bin,100x500x500,1e-2,4,,,,,,,,55.673181,0.866362,55.673181,0.866362,/home/jp/git/posterization_mitigation/script/pareto_logs/hurricane_CLOUDf48_bin_eb1e-2_f4.log,0.0549986,,1,sparsity,0.000000,0.000000
hurricane,CLOUDf48.bin,100x500x500,1e-2,8,,,,,,,,55.673181,0.866362,55.673181,0.866362,/home/jp/git/posterization_mitigation/script/pareto_logs/hurricane_CLOUDf48_bin_eb1e-2_f8.log,0.0549986,,1,sparsity,0.000000,0.000000
hurricane,Pf48.bin,100x500x500,1e-3,0,0.377998,0.184187,0.19381,0.00389094,0.0202147,0,0.00957094,64.802868,0.947586,66.948358,0.989471,/home/jp/git/posterization_mitigation/script/pareto_logs/hurricane_Pf48_bin_eb1e-3_f0.log,0.954272,0.834558,0,,0.118945,0.368787
hurricane,Pf48.bin,100x500x500,1e-3,2,0.201534,0.174625,0.0269089,0.00430302,0.0203132,0.0313657,0.0414681,64.802868,0.947586,66.853361,0.987788,/home/jp/git/posterization_mitigation/script/pareto_logs/hurricane_Pf48_bin_eb1e-3_f2.log,0.954272,0.834558,0,,0.122064,0.365669
hurricane,Pf48.bin,100x500x500,1e-3,4,0.177802,0.173421,0.00438032,0.00407258,0.0201842,0.0316829,0.0441226,64.802868,0.947586,66.843873,0.984707,/home/jp/git/posterization_mitigation/script/pareto_logs/hurricane_Pf48_bin_eb1e-3_f4.log,0.954272,0.834558,0,,0.108646,0.379086
hurricane,Pf48.bin,100x500x500,1e-3,8,0.173416,0.172127,0.00128877,0.00469676,0.0203627,0.0315746,0.0413811,64.802868,0.947586,66.820322,0.982578,/home/jp/git/posterization_mitigation/script/pareto_logs/hurricane_Pf48_bin_eb1e-3_f8.log,0.954272,0.834558,0,,0.105167,0.382565
hurricane,Pf48.bin,100x500x500,5e-3,0,0.403648,0.202601,0.201047,0.00676735,0.0246748,0,0.010545,50.730260,0.603833,58.884906,0.958077,/home/jp/git/posterization_mitigation/script/pareto_logs/hurricane_Pf48_bin_eb5e-3_f0.log,0.844879,0.41284,0,,0.138096,0.790509
hurricane,Pf48.bin,100x500x500,5e-3,2,0.223956,0.196687,0.0272695,0.00680511,0.022011,0.0476222,0.0413167,50.730260,0.603833,58.445352,0.953604,/home/jp/git/posterization_mitigation/script/pareto_logs/hurricane_Pf48_bin_eb5e-3_f2.log,0.844879,0.41284,0,,0.143906,0.784698
hurricane,Pf48.bin,100x500x500,5e-3,4,0.211339,0.207136,0.00420332,0.00771883,0.0233649,0.0466852,0.0413877,50.730260,0.603833,57.615113,0.935162,/home/jp/git/posterization_mitigation/script/pareto_logs/hurricane_Pf48_bin_eb5e-3_f4.log,0.844879,0.41284,0,,0.132335,0.796269
hurricane,Pf48.bin,100x500x500,5e-3,8,0.195867,0.194654,0.00121338,0.00661459,0.0242401,0.0467107,0.0417515,50.730260,0.603833,56.563953,0.882769,/home/jp/git/posterization_mitigation/script/pareto_logs/hurricane_Pf48_bin_eb5e-3_f8.log,0.844879,0.41284,0,,0.121272,0.807332
hurricane,Pf48.bin,100x500x500,1e-2,0,0.394592,0.206257,0.188335,0.00725771,0.0247499,0,0.0095531,44.815110,0.385721,53.879104,0.901888,/home/jp/git/posterization_mitigation/script/pareto_logs/hurricane_Pf48_bin_eb1e-2_f0.log,0.786069,0.237756,0,,0.161433,0.828878
hurricane,Pf48.bin,100x500x500,1e-2,2,0.235212,0.211312,0.0239005,0.00846167,0.0241857,0.0437142,0.0412778,44.815110,0.385721,53.509382,0.897583,/home/jp/git/posterization_mitigation/script/pareto_logs/hurricane_Pf48_bin_eb1e-2_f2.log,0.786069,0.237756,0,,0.165986,0.824326
hurricane,Pf48.bin,100x500x500,1e-2,4,0.20267,0.1992,0.00347041,0.0070611,0.023356,0.0428809,0.041282,44.815110,0.385721,52.756620,0.879678,/home/jp/git/posterization_mitigation/script/pareto_logs/hurricane_Pf48_bin_eb1e-2_f4.log,0.786069,0.237756,0,,0.157972,0.832340
hurricane,Pf48.bin,100x500x500,1e-2,8,0.209685,0.208649,0.00103635,0.00761388,0.0213087,0.0428739,0.041491,44.815110,0.385721,51.498308,0.824035,/home/jp/git/posterization_mitigation/script/pareto_logs/hurricane_Pf48_bin_eb1e-2_f8.log,0.786069,0.237756,0,,0.149664,0.840648
hurricane,PRECIPf48.bin,100x500x500,1e-3,0,,,,,,,,74.109784,0.172587,74.109784,0.172587,/home/jp/git/posterization_mitigation/script/pareto_logs/hurricane_PRECIPf48_bin_eb1e-3_f0.log,0.0868113,,1,sparsity,0.000000,0.000000
hurricane,PRECIPf48.bin,100x500x500,1e-3,2,,,,,,,,74.109784,0.172587,74.109784,0.172587,/home/jp/git/posterization_mitigation/script/pareto_logs/hurricane_PRECIPf48_bin_eb1e-3_f2.log,0.0868113,,1,sparsity,0.000000,0.000000
hurricane,PRECIPf48.bin,100x500x500,1e-3,4,,,,,,,,74.109784,0.172587,74.109784,0.172587,/home/jp/git/posterization_mitigation/script/pareto_logs/hurricane_PRECIPf48_bin_eb1e-3_f4.log,0.0868113,,1,sparsity,0.000000,0.000000
hurricane,PRECIPf48.bin,100x500x500,1e-3,8,,,,,,,,74.109784,0.172587,74.109784,0.172587,/home/jp/git/posterization_mitigation/script/pareto_logs/hurricane_PRECIPf48_bin_eb1e-3_f8.log,0.0868113,,1,sparsity,0.000000,0.000000
hurricane,PRECIPf48.bin,100x500x500,5e-3,0,,,,,,,,61.408998,0.111736,61.408998,0.111736,/home/jp/git/posterization_mitigation/script/pareto_logs/hurricane_PRECIPf48_bin_eb5e-3_f0.log,0.0546567,,1,sparsity,0.000000,0.000000
hurricane,PRECIPf48.bin,100x500x500,5e-3,2,,,,,,,,61.408998,0.111736,61.408998,0.111736,/home/jp/git/posterization_mitigation/script/pareto_logs/hurricane_PRECIPf48_bin_eb5e-3_f2.log,0.0546567,,1,sparsity,0.000000,0.000000
hurricane,PRECIPf48.bin,100x500x500,5e-3,4,,,,,,,,61.408998,0.111736,61.408998,0.111736,/home/jp/git/posterization_mitigation/script/pareto_logs/hurricane_PRECIPf48_bin_eb5e-3_f4.log,0.0546567,,1,sparsity,0.000000,0.000000
hurricane,PRECIPf48.bin,100x500x500,5e-3,8,,,,,,,,61.408998,0.111736,61.408998,0.111736,/home/jp/git/posterization_mitigation/script/pareto_logs/hurricane_PRECIPf48_bin_eb5e-3_f8.log,0.0546567,,1,sparsity,0.000000,0.000000
hurricane,PRECIPf48.bin,100x500x500,1e-2,0,,,,,,,,56.063184,0.081414,56.063184,0.081414,/home/jp/git/posterization_mitigation/script/pareto_logs/hurricane_PRECIPf48_bin_eb1e-2_f0.log,0.0398453,,1,sparsity,0.000000,0.000000
hurricane,PRECIPf48.bin,100x500x500,1e-2,2,,,,,,,,56.063184,0.081414,56.063184,0.081414,/home/jp/git/posterization_mitigation/script/pareto_logs/hurricane_PRECIPf48_bin_eb1e-2_f2.log,0.0398453,,1,sparsity,0.000000,0.000000
hurricane,PRECIPf48.bin,100x500x500,1e-2,4,,,,,,,,56.063184,0.081414,56.063184,0.081414,/home/jp/git/posterization_mitigation/script/pareto_logs/hurricane_PRECIPf48_bin_eb1e-2_f4.log,0.0398453,,1,sparsity,0.000000,0.000000
hurricane,PRECIPf48.bin,100x500x500,1e-2,8,,,,,,,,56.063184,0.081414,56.063184,0.081414,/home/jp/git/posterization_mitigation/script/pareto_logs/hurricane_PRECIPf48_bin_eb1e-2_f8.log,0.0398453,,1,sparsity,0.000000,0.000000
hurricane,QCLOUDf48.bin,100x500x500,1e-3,0,,,,,,,,79.147707,0.940891,79.147707,0.940891,/home/jp/git/posterization_mitigation/script/pareto_logs/hurricane_QCLOUDf48_bin_eb1e-3_f0.log,0.0342081,,1,sparsity,0.000000,0.000000
hurricane,QCLOUDf48.bin,100x500x500,1e-3,2,,,,,,,,79.147707,0.940891,79.147707,0.940891,/home/jp/git/posterization_mitigation/script/pareto_logs/hurricane_QCLOUDf48_bin_eb1e-3_f2.log,0.0342081,,1,sparsity,0.000000,0.000000
hurricane,QCLOUDf48.bin,100x500x500,1e-3,4,,,,,,,,79.147707,0.940891,79.147707,0.940891,/home/jp/git/posterization_mitigation/script/pareto_logs/hurricane_QCLOUDf48_bin_eb1e-3_f4.log,0.0342081,,1,sparsity,0.000000,0.000000
hurricane,QCLOUDf48.bin,100x500x500,1e-3,8,,,,,,,,79.147707,0.940891,79.147707,0.940891,/home/jp/git/posterization_mitigation/script/pareto_logs/hurricane_QCLOUDf48_bin_eb1e-3_f8.log,0.0342081,,1,sparsity,0.000000,0.000000
hurricane,QCLOUDf48.bin,100x500x500,5e-3,0,,,,,,,,65.418675,0.930278,65.418675,0.930278,/home/jp/git/posterization_mitigation/script/pareto_logs/hurricane_QCLOUDf48_bin_eb5e-3_f0.log,0.0306312,,1,sparsity,0.000000,0.000000
hurricane,QCLOUDf48.bin,100x500x500,5e-3,2,,,,,,,,65.418675,0.930278,65.418675,0.930278,/home/jp/git/posterization_mitigation/script/pareto_logs/hurricane_QCLOUDf48_bin_eb5e-3_f2.log,0.0306312,,1,sparsity,0.000000,0.000000
hurricane,QCLOUDf48.bin,100x500x500,5e-3,4,,,,,,,,65.418675,0.930278,65.418675,0.930278,/home/jp/git/posterization_mitigation/script/pareto_logs/hurricane_QCLOUDf48_bin_eb5e-3_f4.log,0.0306312,,1,sparsity,0.000000,0.000000
hurricane,QCLOUDf48.bin,100x500x500,5e-3,8,,,,,,,,65.418675,0.930278,65.418675,0.930278,/home/jp/git/posterization_mitigation/script/pareto_logs/hurricane_QCLOUDf48_bin_eb5e-3_f8.log,0.0306312,,1,sparsity,0.000000,0.000000
hurricane,QCLOUDf48.bin,100x500x500,1e-2,0,,,,,,,,59.530910,0.925183,59.530910,0.925183,/home/jp/git/posterization_mitigation/script/pareto_logs/hurricane_QCLOUDf48_bin_eb1e-2_f0.log,0.028222,,1,sparsity,0.000000,0.000000
hurricane,QCLOUDf48.bin,100x500x500,1e-2,2,,,,,,,,59.530910,0.925183,59.530910,0.925183,/home/jp/git/posterization_mitigation/script/pareto_logs/hurricane_QCLOUDf48_bin_eb1e-2_f2.log,0.028222,,1,sparsity,0.000000,0.000000
hurricane,QCLOUDf48.bin,100x500x500,1e-2,4,,,,,,,,59.530910,0.925183,59.530910,0.925183,/home/jp/git/posterization_mitigation/script/pareto_logs/hurricane_QCLOUDf48_bin_eb1e-2_f4.log,0.028222,,1,sparsity,0.000000,0.000000
hurricane,QCLOUDf48.bin,100x500x500,1e-2,8,,,,,,,,59.530910,0.925183,59.530910,0.925183,/home/jp/git/posterization_mitigation/script/pareto_logs/hurricane_QCLOUDf48_bin_eb1e-2_f8.log,0.028222,,1,sparsity,0.000000,0.000000
hurricane,QGRAUPf48.bin,100x500x500,1e-3,0,,,,,,,,78.254525,0.073380,78.254525,0.073380,/home/jp/git/posterization_mitigation/script/pareto_logs/hurricane_QGRAUPf48_bin_eb1e-3_f0.log,0.0331756,,1,sparsity,0.000000,0.000000
hurricane,QGRAUPf48.bin,100x500x500,1e-3,2,,,,,,,,78.254525,0.073380,78.254525,0.073380,/home/jp/git/posterization_mitigation/script/pareto_logs/hurricane_QGRAUPf48_bin_eb1e-3_f2.log,0.0331756,,1,sparsity,0.000000,0.000000
hurricane,QGRAUPf48.bin,100x500x500,1e-3,4,,,,,,,,78.254525,0.073380,78.254525,0.073380,/home/jp/git/posterization_mitigation/script/pareto_logs/hurricane_QGRAUPf48_bin_eb1e-3_f4.log,0.0331756,,1,sparsity,0.000000,0.000000
hurricane,QGRAUPf48.bin,100x500x500,1e-3,8,,,,,,,,78.254525,0.073380,78.254525,0.073380,/home/jp/git/posterization_mitigation/script/pareto_logs/hurricane_QGRAUPf48_bin_eb1e-3_f8.log,0.0331756,,1,sparsity,0.000000,0.000000
hurricane,QGRAUPf48.bin,100x500x500,5e-3,0,,,,,,,,65.587275,0.045637,65.587275,0.045637,/home/jp/git/posterization_mitigation/script/pareto_logs/hurricane_QGRAUPf48_bin_eb5e-3_f0.log,0.0202904,,1,sparsity,0.000000,0.000000
hurricane,QGRAUPf48.bin,100x500x500,5e-3,2,,,,,,,,65.587275,0.045637,65.587275,0.045637,/home/jp/git/posterization_mitigation/script/pareto_logs/hurricane_QGRAUPf48_bin_eb5e-3_f2.log,0.0202904,,1,sparsity,0.000000,0.000000
hurricane,QGRAUPf48.bin,100x500x500,5e-3,4,,,,,,,,65.587275,0.045637,65.587275,0.045637,/home/jp/git/posterization_mitigation/script/pareto_logs/hurricane_QGRAUPf48_bin_eb5e-3_f4.log,0.0202904,,1,sparsity,0.000000,0.000000
hurricane,QGRAUPf48.bin,100x500x500,5e-3,8,,,,,,,,65.587275,0.045637,65.587275,0.045637,/home/jp/git/posterization_mitigation/script/pareto_logs/hurricane_QGRAUPf48_bin_eb5e-3_f8.log,0.0202904,,1,sparsity,0.000000,0.000000
hurricane,QGRAUPf48.bin,100x500x500,1e-2,0,,,,,,,,60.229760,0.033109,60.229760,0.033109,/home/jp/git/posterization_mitigation/script/pareto_logs/hurricane_QGRAUPf48_bin_eb1e-2_f0.log,0.01413,,1,sparsity,0.000000,0.000000
hurricane,QGRAUPf48.bin,100x500x500,1e-2,2,,,,,,,,60.229760,0.033109,60.229760,0.033109,/home/jp/git/posterization_mitigation/script/pareto_logs/hurricane_QGRAUPf48_bin_eb1e-2_f2.log,0.01413,,1,sparsity,0.000000,0.000000
hurricane,QGRAUPf48.bin,100x500x500,1e-2,4,,,,,,,,60.229760,0.033109,60.229760,0.033109,/home/jp/git/posterization_mitigation/script/pareto_logs/hurricane_QGRAUPf48_bin_eb1e-2_f4.log,0.01413,,1,sparsity,0.000000,0.000000
hurricane,QGRAUPf48.bin,100x500x500,1e-2,8,,,,,,,,60.229760,0.033109,60.229760,0.033109,/home/jp/git/posterization_mitigation/script/pareto_logs/hurricane_QGRAUPf48_bin_eb1e-2_f8.log,0.01413,,1,sparsity,0.000000,0.000000
hurricane,QICEf48.bin,100x500x500,1e-3,0,,,,,,,,75.826787,0.943485,75.826787,0.943485,/home/jp/git/posterization_mitigation/script/pareto_logs/hurricane_QICEf48_bin_eb1e-3_f0.log,0.0658441,,1,sparsity,0.000000,0.000000
hurricane,QICEf48.bin,100x500x500,1e-3,2,,,,,,,,75.826787,0.943485,75.826787,0.943485,/home/jp/git/posterization_mitigation/script/pareto_logs/hurricane_QICEf48_bin_eb1e-3_f2.log,0.0658441,,1,sparsity,0.000000,0.000000
hurricane,QICEf48.bin,100x500x500,1e-3,4,,,,,,,,75.826787,0.943485,75.826787,0.943485,/home/jp/git/posterization_mitigation/script/pareto_logs/hurricane_QICEf48_bin_eb1e-3_f4.log,0.0658441,,1,sparsity,0.000000,0.000000
hurricane,QICEf48.bin,100x500x500,1e-3,8,,,,,,,,75.826787,0.943485,75.826787,0.943485,/home/jp/git/posterization_mitigation/script/pareto_logs/hurricane_QICEf48_bin_eb1e-3_f8.log,0.0658441,,1,sparsity,0.000000,0.000000
hurricane,QICEf48.bin,100x500x500,5e-3,0,,,,,,,,62.554833,0.900854,62.554833,0.900854,/home/jp/git/posterization_mitigation/script/pareto_logs/hurricane_QICEf48_bin_eb5e-3_f0.log,0.0481922,,1,sparsity,0.000000,0.000000
hurricane,QICEf48.bin,100x500x500,5e-3,2,,,,,,,,62.554833,0.900854,62.554833,0.900854,/home/jp/git/posterization_mitigation/script/pareto_logs/hurricane_QICEf48_bin_eb5e-3_f2.log,0.0481922,,1,sparsity,0.000000,0.000000
hurricane,QICEf48.bin,100x500x500,5e-3,4,,,,,,,,62.554833,0.900854,62.554833,0.900854,/home/jp/git/posterization_mitigation/script/pareto_logs/hurricane_QICEf48_bin_eb5e-3_f4.log,0.0481922,,1,sparsity,0.000000,0.000000
hurricane,QICEf48.bin,100x500x500,5e-3,8,,,,,,,,62.554833,0.900854,62.554833,0.900854,/home/jp/git/posterization_mitigation/script/pareto_logs/hurricane_QICEf48_bin_eb5e-3_f8.log,0.0481922,,1,sparsity,0.000000,0.000000
hurricane,QICEf48.bin,100x500x500,1e-2,0,,,,,,,,57.004798,0.877187,57.004798,0.877187,/home/jp/git/posterization_mitigation/script/pareto_logs/hurricane_QICEf48_bin_eb1e-2_f0.log,0.0389425,,1,sparsity,0.000000,0.000000
hurricane,QICEf48.bin,100x500x500,1e-2,2,,,,,,,,57.004798,0.877187,57.004798,0.877187,/home/jp/git/posterization_mitigation/script/pareto_logs/hurricane_QICEf48_bin_eb1e-2_f2.log,0.0389425,,1,sparsity,0.000000,0.000000
hurricane,QICEf48.bin,100x500x500,1e-2,4,,,,,,,,57.004798,0.877187,57.004798,0.877187,/home/jp/git/posterization_mitigation/script/pareto_logs/hurricane_QICEf48_bin_eb1e-2_f4.log,0.0389425,,1,sparsity,0.000000,0.000000
hurricane,QICEf48.bin,100x500x500,1e-2,8,,,,,,,,57.004798,0.877187,57.004798,0.877187,/home/jp/git/posterization_mitigation/script/pareto_logs/hurricane_QICEf48_bin_eb1e-2_f8.log,0.0389425,,1,sparsity,0.000000,0.000000
hurricane,QRAINf48.bin,100x500x500,1e-3,0,,,,,,,,78.322715,0.090843,78.322715,0.090843,/home/jp/git/posterization_mitigation/script/pareto_logs/hurricane_QRAINf48_bin_eb1e-3_f0.log,0.0355796,,1,sparsity,0.000000,0.000000
hurricane,QRAINf48.bin,100x500x500,1e-3,2,,,,,,,,78.322715,0.090843,78.322715,0.090843,/home/jp/git/posterization_mitigation/script/pareto_logs/hurricane_QRAINf48_bin_eb1e-3_f2.log,0.0355796,,1,sparsity,0.000000,0.000000
hurricane,QRAINf48.bin,100x500x500,1e-3,4,,,,,,,,78.322715,0.090843,78.322715,0.090843,/home/jp/git/posterization_mitigation/script/pareto_logs/hurricane_QRAINf48_bin_eb1e-3_f4.log,0.0355796,,1,sparsity,0.000000,0.000000
hurricane,QRAINf48.bin,100x500x500,1e-3,8,,,,,,,,78.322715,0.090843,78.322715,0.090843,/home/jp/git/posterization_mitigation/script/pareto_logs/hurricane_QRAINf48_bin_eb1e-3_f8.log,0.0355796,,1,sparsity,0.000000,0.000000
hurricane,QRAINf48.bin,100x500x500,5e-3,0,,,,,,,,65.246262,0.069258,65.246262,0.069258,/home/jp/git/posterization_mitigation/script/pareto_logs/hurricane_QRAINf48_bin_eb5e-3_f0.log,0.0254182,,1,sparsity,0.000000,0.000000
hurricane,QRAINf48.bin,100x500x500,5e-3,2,,,,,,,,65.246262,0.069258,65.246262,0.069258,/home/jp/git/posterization_mitigation/script/pareto_logs/hurricane_QRAINf48_bin_eb5e-3_f2.log,0.0254182,,1,sparsity,0.000000,0.000000
hurricane,QRAINf48.bin,100x500x500,5e-3,4,,,,,,,,65.246262,0.069258,65.246262,0.069258,/home/jp/git/posterization_mitigation/script/pareto_logs/hurricane_QRAINf48_bin_eb5e-3_f4.log,0.0254182,,1,sparsity,0.000000,0.000000
hurricane,QRAINf48.bin,100x500x500,5e-3,8,,,,,,,,65.246262,0.069258,65.246262,0.069258,/home/jp/git/posterization_mitigation/script/pareto_logs/hurricane_QRAINf48_bin_eb5e-3_f8.log,0.0254182,,1,sparsity,0.000000,0.000000
hurricane,QRAINf48.bin,100x500x500,1e-2,0,,,,,,,,59.713286,0.056137,59.713286,0.056137,/home/jp/git/posterization_mitigation/script/pareto_logs/hurricane_QRAINf48_bin_eb1e-2_f0.log,0.0201584,,1,sparsity,0.000000,0.000000
hurricane,QRAINf48.bin,100x500x500,1e-2,2,,,,,,,,59.713286,0.056137,59.713286,0.056137,/home/jp/git/posterization_mitigation/script/pareto_logs/hurricane_QRAINf48_bin_eb1e-2_f2.log,0.0201584,,1,sparsity,0.000000,0.000000
hurricane,QRAINf48.bin,100x500x500,1e-2,4,,,,,,,,59.713286,0.056137,59.713286,0.056137,/home/jp/git/posterization_mitigation/script/pareto_logs/hurricane_QRAINf48_bin_eb1e-2_f4.log,0.0201584,,1,sparsity,0.000000,0.000000
hurricane,QRAINf48.bin,100x500x500,1e-2,8,,,,,,,,59.713286,0.056137,59.713286,0.056137,/home/jp/git/posterization_mitigation/script/pareto_logs/hurricane_QRAINf48_bin_eb1e-2_f8.log,0.0201584,,1,sparsity,0.000000,0.000000
hurricane,QSNOWf48.bin,100x500x500,1e-3,0,,,,,,,,74.717408,0.149419,74.717408,0.149419,/home/jp/git/posterization_mitigation/script/pareto_logs/hurricane_QSNOWf48_bin_eb1e-3_f0.log,0.0793087,,1,sparsity,0.000000,0.000000
hurricane,QSNOWf48.bin,100x500x500,1e-3,2,,,,,,,,74.717408,0.149419,74.717408,0.149419,/home/jp/git/posterization_mitigation/script/pareto_logs/hurricane_QSNOWf48_bin_eb1e-3_f2.log,0.0793087,,1,sparsity,0.000000,0.000000
hurricane,QSNOWf48.bin,100x500x500,1e-3,4,,,,,,,,74.717408,0.149419,74.717408,0.149419,/home/jp/git/posterization_mitigation/script/pareto_logs/hurricane_QSNOWf48_bin_eb1e-3_f4.log,0.0793087,,1,sparsity,0.000000,0.000000
hurricane,QSNOWf48.bin,100x500x500,1e-3,8,,,,,,,,74.717408,0.149419,74.717408,0.149419,/home/jp/git/posterization_mitigation/script/pareto_logs/hurricane_QSNOWf48_bin_eb1e-3_f8.log,0.0793087,,1,sparsity,0.000000,0.000000
hurricane,QSNOWf48.bin,100x500x500,5e-3,0,,,,,,,,61.757795,0.106557,61.757795,0.106557,/home/jp/git/posterization_mitigation/script/pareto_logs/hurricane_QSNOWf48_bin_eb5e-3_f0.log,0.054432,,1,sparsity,0.000000,0.000000
hurricane,QSNOWf48.bin,100x500x500,5e-3,2,,,,,,,,61.757795,0.106557,61.757795,0.106557,/home/jp/git/posterization_mitigation/script/pareto_logs/hurricane_QSNOWf48_bin_eb5e-3_f2.log,0.054432,,1,sparsity,0.000000,0.000000
hurricane,QSNOWf48.bin,100x500x500,5e-3,4,,,,,,,,61.757795,0.106557,61.757795,0.106557,/home/jp/git/posterization_mitigation/script/pareto_logs/hurricane_QSNOWf48_bin_eb5e-3_f4.log,0.054432,,1,sparsity,0.000000,0.000000
hurricane,QSNOWf48.bin,100x500x500,5e-3,8,,,,,,,,61.757795,0.106557,61.757795,0.106557,/home/jp/git/posterization_mitigation/script/pareto_logs/hurricane_QSNOWf48_bin_eb5e-3_f8.log,0.054432,,1,sparsity,0.000000,0.000000
hurricane,QSNOWf48.bin,100x500x500,1e-2,0,,,,,,,,56.321683,0.084133,56.321683,0.084133,/home/jp/git/posterization_mitigation/script/pareto_logs/hurricane_QSNOWf48_bin_eb1e-2_f0.log,0.0423052,,1,sparsity,0.000000,0.000000
hurricane,QSNOWf48.bin,100x500x500,1e-2,2,,,,,,,,56.321683,0.084133,56.321683,0.084133,/home/jp/git/posterization_mitigation/script/pareto_logs/hurricane_QSNOWf48_bin_eb1e-2_f2.log,0.0423052,,1,sparsity,0.000000,0.000000
hurricane,QSNOWf48.bin,100x500x500,1e-2,4,,,,,,,,56.321683,0.084133,56.321683,0.084133,/home/jp/git/posterization_mitigation/script/pareto_logs/hurricane_QSNOWf48_bin_eb1e-2_f4.log,0.0423052,,1,sparsity,0.000000,0.000000
hurricane,QSNOWf48.bin,100x500x500,1e-2,8,,,,,,,,56.321683,0.084133,56.321683,0.084133,/home/jp/git/posterization_mitigation/script/pareto_logs/hurricane_QSNOWf48_bin_eb1e-2_f8.log,0.0423052,,1,sparsity,0.000000,0.000000
hurricane,QVAPORf48.bin,100x500x500,1e-3,0,0.391077,0.203481,0.187596,0.00564761,0.0194518,0,0.0128423,65.228531,0.660019,67.390379,0.737145,/home/jp/git/posterization_mitigation/script/pareto_logs/hurricane_QVAPORf48_bin_eb1e-3_f0.log,0.667871,0.587975,0,,0.082076,0.443912
hurricane,QVAPORf48.bin,100x500x500,1e-3,2,0.224975,0.198605,0.0263694,0.00501441,0.0220795,0.0233485,0.0414595,65.228531,0.660019,67.366361,0.736636,/home/jp/git/posterization_mitigation/script/pareto_logs/hurricane_QVAPORf48_bin_eb1e-3_f2.log,0.667871,0.587975,0,,0.081916,0.444072
hurricane,QVAPORf48.bin,100x500x500,1e-3,4,0.200498,0.19623,0.00426712,0.00562263,0.0186498,0.0220947,0.0489595,65.228531,0.660019,67.351676,0.731922,/home/jp/git/posterization_mitigation/script/pareto_logs/hurricane_QVAPORf48_bin_eb1e-3_f4.log,0.667871,0.587975,0,,0.077282,0.448706
hurricane,QVAPORf48.bin,100x500x500,1e-3,8,0.202617,0.201461,0.0011563,0.00475233,0.0194631,0.0219564,0.0413907,65.228531,0.660019,67.344382,0.727717,/home/jp/git/posterization_mitigation/script/pareto_logs/hurricane_QVAPORf48_bin_eb1e-3_f8.log,0.667871,0.587975,0,,0.073985,0.452003
hurricane,QVAPORf48.bin,100x500x500,5e-3,0,0.391968,0.205443,0.186524,0.00467377,0.0206719,0,0.00957634,52.512682,0.516288,53.535863,0.627663,/home/jp/git/posterization_mitigation/script/pareto_logs/hurricane_QVAPORf48_bin_eb5e-3_f0.log,0.562332,0.426849,0,,0.421178,0.289574
hurricane,QVAPORf48.bin,100x500x500,5e-3,2,0.221065,0.194803,0.0262619,0.00596143,0.0212874,0.0271805,0.0415743,52.512682,0.516288,53.519397,0.626540,/home/jp/git/posterization_mitigation/script/pareto_logs/hurricane_QVAPORf48_bin_eb5e-3_f2.log,0.562332,0.426849,0,,0.421501,0.289251
hurricane,QVAPORf48.bin,100x500x500,5e-3,4,0.194098,0.189888,0.00420952,0.00454126,0.0204158,0.0253894,0.0429122,52.512682,0.516288,53.487692,0.621585,/home/jp/git/posterization_mitigation/script/pareto_logs/hurricane_QVAPORf48_bin_eb5e-3_f4.log,0.562332,0.426849,0,,0.414883,0.295869
hurricane,QVAPORf48.bin,100x500x500,5e-3,8,0.19947,0.198195,0.00127438,0.00476868,0.0206825,0.0253481,0.0514816,52.512682,0.516288,53.500138,0.605805,/home/jp/git/posterization_mitigation/script/pareto_logs/hurricane_QVAPORf48_bin_eb5e-3_f8.log,0.562332,0.426849,0,,0.405763,0.304988
hurricane,QVAPORf48.bin,100x500x500,1e-2,0,0.387235,0.198989,0.188245,0.0058753,0.0205749,0,0.00961399,46.770003,0.433618,47.616190,0.568129,/home/jp/git/posterization_mitigation/script/pareto_logs/hurricane_QVAPORf48_bin_eb1e-2_f0.log,0.503216,0.353249,0,,0.476433,0.321482
hurricane,QVAPORf48.bin,100x500x500,1e-2,2,0.223151,0.196318,0.0268321,0.00660555,0.02295,0.0255486,0.044311,46.770003,0.433618,47.605458,0.567158,/home/jp/git/posterization_mitigation/script/pareto_logs/hurricane_QVAPORf48_bin_eb1e-2_f2.log,0.503216,0.353249,0,,0.476503,0.321412
hurricane,QVAPORf48.bin,100x500x500,1e-2,4,0.202457,0.198686,0.0037704,0.00559059,0.0210196,0.0250228,0.0418409,46.770003,0.433618,47.607800,0.562034,/home/jp/git/posterization_mitigation/script/pareto_logs/hurricane_QVAPORf48_bin_eb1e-2_f4.log,0.503216,0.353249,0,,0.470279,0.327637
hurricane,QVAPORf48.bin,100x500x500,1e-2,8,0.198031,0.196941,0.00108964,0.00541078,0.0207527,0.0248269,0.0413562,46.770003,0.433618,47.555725,0.556111,/home/jp/git/posterization_mitigation/script/pareto_logs/hurricane_QVAPORf48_bin_eb1e-2_f8.log,0.503216,0.353249,0,,0.464079,0.333836
hurricane,TCf48.bin,100x500x500,1e-3,0,0.298107,0.151606,0.146501,0.0028563,0.0186009,0,0.0164841,64.788895,0.998102,64.873067,0.998499,/home/jp/git/posterization_mitigation/script/pareto_logs/hurricane_TCf48_bin_eb1e-3_f0.log,0.991416,0.967983,0,,0.011725,0.024856
hurricane,TCf48.bin,100x500x500,1e-3,2,0.180316,0.159256,0.0210606,0.00286253,0.0189748,0.0169166,0.0415576,64.788895,0.998102,64.869983,0.998484,/home/jp/git/posterization_mitigation/script/pareto_logs/hurricane_TCf48_bin_eb1e-3_f2.log,0.991416,0.967983,0,,0.011858,0.024724
hurricane,TCf48.bin,100x500x500,1e-3,4,0.182938,0.179455,0.00348363,0.00312358,0.0188112,0.0159799,0.0437844,64.788895,0.998102,64.871220,0.998488,/home/jp/git/posterization_mitigation/script/pareto_logs/hurricane_TCf48_bin_eb1e-3_f4.log,0.991416,0.967983,0,,0.011596,0.024985
hurricane,TCf48.bin,100x500x500,1e-3,8,0.172217,0.171241,0.000975391,0.00287691,0.0197028,0.0158437,0.0417664,64.788895,0.998102,64.875005,0.998497,/home/jp/git/posterization_mitigation/script/pareto_logs/hurricane_TCf48_bin_eb1e-3_f8.log,0.991416,0.967983,0,,0.011120,0.025461
hurricane,TCf48.bin,100x500x500,5e-3,0,0.365555,0.169159,0.196397,0.00422526,0.0219452,0,0.0095294,50.806895,0.963408,52.030130,0.984133,/home/jp/git/posterization_mitigation/script/pareto_logs/hurricane_TCf48_bin_eb5e-3_f0.log,0.957751,0.892222,0,,0.075256,0.219517
hurricane,TCf48.bin,100x500x500,5e-3,2,0.200998,0.171556,0.0294416,0.00424536,0.0218312,0.0235245,0.0417718,50.806895,0.963408,52.014408,0.983670,/home/jp/git/posterization_mitigation/script/pareto_logs/hurricane_TCf48_bin_eb5e-3_f2.log,0.957751,0.892222,0,,0.075941,0.218832
hurricane,TCf48.bin,100x500x500,5e-3,4,0.190531,0.186258,0.00427303,0.00463033,0.0220703,0.0225483,0.0415258,50.806895,0.963408,52.041748,0.982635,/home/jp/git/posterization_mitigation/script/pareto_logs/hurricane_TCf48_bin_eb5e-3_f4.log,0.957751,0.892222,0,,0.067934,0.226839
hurricane,TCf48.bin,100x500x500,5e-3,8,0.17592,0.17471,0.00120963,0.00456067,0.0222781,0.0226958,0.0513112,50.806895,0.963408,52.050730,0.982070,/home/jp/git/posterization_mitigation/script/pareto_logs/hurricane_TCf48_bin_eb5e-3_f8.log,0.957751,0.892222,0,,0.061395,0.233378
hurricane,TCf48.bin,100x500x500,1e-2,0,0.393792,0.183764,0.210027,0.00479193,0.0211454,0,0.0097574,44.801048,0.899577,49.916175,0.967029,/home/jp/git/posterization_mitigation/script/pareto_logs/hurricane_TCf48_bin_eb1e-2_f0.log,0.920782,0.790107,0,,0.223063,0.614768
hurricane,TCf48.bin,100x500x500,1e-2,2,0.215209,0.186293,0.0289153,0.00441249,0.0207551,0.0311253,0.0437199,44.801048,0.899577,49.785805,0.965914,/home/jp/git/posterization_mitigation/script/pareto_logs/hurricane_TCf48_bin_eb1e-2_f2.log,0.920782,0.790107,0,,0.225878,0.611953
hurricane,TCf48.bin,100x500x500,1e-2,4,0.191176,0.186793,0.00438264,0.00472005,0.0207381,0.0302766,0.0412232,44.801048,0.899577,49.774899,0.962110,/home/jp/git/posterization_mitigation/script/pareto_logs/hurricane_TCf48_bin_eb1e-2_f4.log,0.920782,0.790107,0,,0.212655,0.625176
hurricane,TCf48.bin,100x500x500,1e-2,8,0.184966,0.184016,0.000949253,0.00450002,0.0207595,0.0301626,0.0411031,44.801048,0.899577,49.832365,0.957446,/home/jp/git/posterization_mitigation/script/pareto_logs/hurricane_TCf48_bin_eb1e-2_f8.log,0.920782,0.790107,0,,0.196101,0.641730
hurricane,Uf48.bin,100x500x500,1e-3,0,0.311586,0.153605,0.157981,0.00328359,0.0218575,0,0.00955353,64.791495,0.995396,64.985800,0.996158,/home/jp/git/posterization_mitigation/script/pareto_logs/hurricane_Uf48_bin_eb1e-3_f0.log,0.988084,0.964736,0,,0.035627,0.069674
hurricane,Uf48.bin,100x500x500,1e-3,2,0.17832,0.152991,0.0253293,0.00330248,0.0222278,0.0174232,0.0415474,64.791495,0.995396,64.976962,0.996128,/home/jp/git/posterization_mitigation/script/pareto_logs/hurricane_Uf48_bin_eb1e-3_f2.log,0.988084,0.964736,0,,0.036069,0.069233
hurricane,Uf48.bin,100x500x500,1e-3,4,0.157349,0.153128,0.00422141,0.00326355,0.0222506,0.0167146,0.0415612,64.791495,0.995396,64.985011,0.996163,/home/jp/git/posterization_mitigation/script/pareto_logs/hurricane_Uf48_bin_eb1e-3_f4.log,0.988084,0.964736,0,,0.034950,0.070352
hurricane,Uf48.bin,100x500x500,1e-3,8,0.160507,0.159154,0.00135271,0.00327663,0.0222783,0.0163733,0.0414585,64.791495,0.995396,65.011466,0.996234,/home/jp/git/posterization_mitigation/script/pareto_logs/hurricane_Uf48_bin_eb1e-3_f8.log,0.988084,0.964736,0,,0.032601,0.072700
hurricane,Uf48.bin,100x500x500,5e-3,0,0.462443,0.220379,0.242065,0.00570548,0.0301306,0,0.00954722,50.812437,0.909984,54.498036,0.969971,/home/jp/git/posterization_mitigation/script/pareto_logs/hurricane_Uf48_bin_eb5e-3_f0.log,0.945478,0.716212,0,,0.209535,0.569697
hurricane,Uf48.bin,100x500x500,5e-3,2,0.23259,0.202472,0.0301187,0.00521757,0.029481,0.0408096,0.041583,50.812437,0.909984,54.373474,0.968323,/home/jp/git/posterization_mitigation/script/pareto_logs/hurricane_Uf48_bin_eb5e-3_f2.log,0.945478,0.716212,0,,0.208917,0.570314
hurricane,Uf48.bin,100x500x500,5e-3,4,0.203798,0.199118,0.00467966,0.00529423,0.0296685,0.0398596,0.0459978,50.812437,0.909984,54.405998,0.965322,/home/jp/git/posterization_mitigation/script/pareto_logs/hurricane_Uf48_bin_eb5e-3_f4.log,0.945478,0.716212,0,,0.178948,0.600283
hurricane,Uf48.bin,100x500x500,5e-3,8,0.195954,0.195056,0.000897566,0.00515187,0.0296415,0.0400383,0.0411043,50.812437,0.909984,54.455879,0.964162,/home/jp/git/posterization_mitigation/script/pareto_logs/hurricane_Uf48_bin_eb5e-3_f8.log,0.945478,0.716212,0,,0.160956,0.618276
hurricane,Uf48.bin,100x500x500,1e-2,0,0.44501,0.216488,0.228521,0.00663142,0.0277978,0,0.0095929,44.783027,0.748742,50.168389,0.918907,/home/jp/git/posterization_mitigation/script/pareto_logs/hurricane_Uf48_bin_eb1e-2_f0.log,0.895485,0.466417,0,,0.240234,0.712658
hurricane,Uf48.bin,100x500x500,1e-2,2,0.255878,0.223668,0.0322096,0.00835453,0.0307088,0.0496888,0.0442405,44.783027,0.748742,50.017736,0.916693,/home/jp/git/posterization_mitigation/script/pareto_logs/hurricane_Uf48_bin_eb1e-2_f2.log,0.895485,0.466417,0,,0.241211,0.711682
hurricane,Uf48.bin,100x500x500,1e-2,4,0.235266,0.230779,0.00448689,0.00840391,0.0307671,0.0487607,0.0461212,44.783027,0.748742,49.716627,0.904139,/home/jp/git/posterization_mitigation/script/pareto_logs/hurricane_Uf48_bin_eb1e-2_f4.log,0.895485,0.466417,0,,0.215076,0.737817
hurricane,Uf48.bin,100x500x500,1e-2,8,0.22626,0.225292,0.000968097,0.0076749,0.0296177,0.0477447,0.0410493,44.783027,0.748742,49.356573,0.884477,/home/jp/git/posterization_mitigation/script/pareto_logs/hurricane_Uf48_bin_eb1e-2_f8.log,0.895485,0.466417,0,,0.188483,0.764410
hurricane,Vf48.bin,100x500x500,1e-3,0,0.332478,0.172466,0.160012,0.00335875,0.0222911,0,0.00952259,64.789575,0.995436,65.041994,0.996317,/home/jp/git/posterization_mitigation/script/pareto_logs/hurricane_Vf48_bin_eb1e-3_f0.log,0.988437,0.964618,0,,0.032545,0.070318
hurricane,Vf48.bin,100x500x500,1e-3,2,0.196035,0.169822,0.0262137,0.00338879,0.0245619,0.0172626,0.0414817,64.789575,0.995436,65.034319,0.996289,/home/jp/git/posterization_mitigation/script/pareto_logs/hurricane_Vf48_bin_eb1e-3_f2.log,0.988437,0.964618,0,,0.032930,0.069932
hurricane,Vf48.bin,100x500x500,1e-3,4,0.158011,0.153485,0.00452579,0.00336616,0.0221317,0.0167521,0.0416053,64.789575,0.995436,65.043597,0.996326,/home/jp/git/posterization_mitigation/script/pareto_logs/hurricane_Vf48_bin_eb1e-3_f4.log,0.988437,0.964618,0,,0.031734,0.071128
hurricane,Vf48.bin,100x500x500,1e-3,8,0.15923,0.157858,0.00137193,0.00337348,0.0260991,0.0164001,0.0527368,64.789575,0.995436,65.062800,0.996382,/home/jp/git/posterization_mitigation/script/pareto_logs/hurricane_Vf48_bin_eb1e-3_f8.log,0.988437,0.964618,0,,0.029496,0.073367
hurricane,Vf48.bin,100x500x500,5e-3,0,0.430901,0.194263,0.236638,0.0054855,0.0294557,0,0.00956598,50.815484,0.910867,54.607826,0.971027,/home/jp/git/posterization_mitigation/script/pareto_logs/hurricane_Vf48_bin_eb5e-3_f0.log,0.956578,0.716483,0,,0.201350,0.571391
hurricane,Vf48.bin,100x500x500,5e-3,2,0.224974,0.19546,0.0295144,0.00540175,0.0297172,0.0414277,0.0414822,50.815484,0.910867,54.459362,0.969197,/home/jp/git/posterization_mitigation/script/pareto_logs/hurricane_Vf48_bin_eb5e-3_f2.log,0.956578,0.716483,0,,0.200617,0.572124
hurricane,Vf48.bin,100x500x500,5e-3,4,0.203627,0.19999,0.00363731,0.00559315,0.0294724,0.0405922,0.0413932,50.815484,0.910867,54.445450,0.965492,/home/jp/git/posterization_mitigation/script/pareto_logs/hurricane_Vf48_bin_eb5e-3_f4.log,0.956578,0.716483,0,,0.172615,0.600126
hurricane,Vf48.bin,100x500x500,5e-3,8,0.209548,0.208543,0.00100457,0.00541899,0.032638,0.0400897,0.0490897,50.815484,0.910867,54.481895,0.964372,/home/jp/git/posterization_mitigation/script/pareto_logs/hurricane_Vf48_bin_eb5e-3_f8.log,0.956578,0.716483,0,,0.156481,0.616260
hurricane,Vf48.bin,100x500x500,1e-2,0,0.449094,0.218588,0.230506,0.00665238,0.0279961,0,0.00958678,44.776583,0.753443,50.429339,0.925546,/home/jp/git/posterization_mitigation/script/pareto_logs/hurricane_Vf48_bin_eb1e-2_f0.log,0.913628,0.470708,0,,0.231474,0.720231
hurricane,Vf48.bin,100x500x500,1e-2,2,0.253304,0.224824,0.0284805,0.00736422,0.0275709,0.0492828,0.0415518,44.776583,0.753443,50.244085,0.923093,/home/jp/git/posterization_mitigation/script/pareto_logs/hurricane_Vf48_bin_eb1e-2_f2.log,0.913628,0.470708,0,,0.232901,0.718805
hurricane,Vf48.bin,100x500x500,1e-2,4,0.225168,0.221769,0.00339939,0.00672656,0.0286152,0.0490168,0.041452,44.776583,0.753443,49.863478,0.908938,/home/jp/git/posterization_mitigation/script/pareto_logs/hurricane_Vf48_bin_eb1e-2_f4.log,0.913628,0.470708,0,,0.206027,0.745679
hurricane,Vf48.bin,100x500x500,1e-2,8,0.219322,0.218002,0.00131939,0.00678073,0.0290035,0.0496005,0.0506084,44.776583,0.753443,49.432165,0.887606,/home/jp/git/posterization_mitigation/script/pareto_logs/hurricane_Vf48_bin_eb1e-2_f8.log,0.913628,0.470708,0,,0.182138,0.769568
hurricane,Wf48.bin,100x500x500,1e-3,0,0.373928,0.167758,0.20617,0.00425227,0.0332912,0,0.0167365,64.814406,0.970469,64.753873,0.969617,/home/jp/git/posterization_mitigation/script/pareto_logs/hurricane_Wf48_bin_eb1e-3_f0.log,0.785186,0.922445,0,,0.170711,0.218950
hurricane,Wf48.bin,100x500x500,1e-3,2,0.223531,0.191118,0.0324134,0.00513744,0.0350411,0.0229866,0.0415797,64.814406,0.970469,64.732767,0.969337,/home/jp/git/posterization_mitigation/script/pareto_logs/hurricane_Wf48_bin_eb1e-3_f2.log,0.785186,0.922445,0,,0.170754,0.218907
hurricane,Wf48.bin,100x500x500,1e-3,4,0.16941,0.165162,0.00424783,0.00416619,0.033421,0.0208961,0.0415542,64.814406,0.970469,64.856970,0.971975,/home/jp/git/posterization_mitigation/script/pareto_logs/hurricane_Wf48_bin_eb1e-3_f4.log,0.785186,0.922445,0,,0.159280,0.230381
hurricane,Wf48.bin,100x500x500,1e-3,8,0.178599,0.1774,0.00119906,0.0041131,0.0333163,0.0213956,0.0466569,64.814406,0.970469,65.178629,0.975387,/home/jp/git/posterization_mitigation/script/pareto_logs/hurricane_Wf48_bin_eb1e-3_f8.log,0.785186,0.922445,0,,0.144820,0.244841
hurricane,Wf48.bin,100x500x500,5e-3,0,0.473009,0.232955,0.240054,0.00727584,0.0348236,0,0.00960665,51.458105,0.536115,53.213558,0.622536,/home/jp/git/posterization_mitigation/script/pareto_logs/hurricane_Wf48_bin_eb5e-3_f0.log,0.261306,0.428402,0,,0.376938,0.545930
hurricane,Wf48.bin,100x500x500,5e-3,2,0.263269,0.232389,0.0308802,0.00714122,0.0338316,0.042741,0.0430069,51.458105,0.536115,53.280304,0.623777,/home/jp/git/posterization_mitigation/script/pareto_logs/hurricane_Wf48_bin_eb5e-3_f2.log,0.261306,0.428402,0,,0.372692,0.550175
hurricane,Wf48.bin,100x500x500,5e-3,4,0.232581,0.228597,0.0039843,0.0080504,0.0334117,0.0422938,0.0414702,51.458105,0.536115,53.546830,0.630868,/home/jp/git/posterization_mitigation/script/pareto_logs/hurricane_Wf48_bin_eb5e-3_f4.log,0.261306,0.428402,0,,0.347000,0.575868
hurricane,Wf48.bin,100x500x500,5e-3,8,0.236805,0.235682,0.00112306,0.00798358,0.033546,0.0421633,0.0411439,51.458105,0.536115,53.907071,0.639695,/home/jp/git/posterization_mitigation/script/pareto_logs/hurricane_Wf48_bin_eb5e-3_f8.log,0.261306,0.428402,0,,0.311732,0.611136
hurricane,Wf48.bin,100x500x500,1e-2,0,,,,,,,,47.705588,0.202627,47.705588,0.202627,/home/jp/git/posterization_mitigation/script/pareto_logs/hurricane_Wf48_bin_eb1e-2_f0.log,0.0831004,,1,sparsity,0.000000,0.000000
hurricane,Wf48.bin,100x500x500,1e-2,2,,,,,,,,47.705588,0.202627,47.705588,0.202627,/home/jp/git/posterization_mitigation/script/pareto_logs/hurricane_Wf48_bin_eb1e-2_f2.log,0.0831004,,1,sparsity,0.000000,0.000000
hurricane,Wf48.bin,100x500x500,1e-2,4,,,,,,,,47.705588,0.202627,47.705588,0.202627,/home/jp/git/posterization_mitigation/script/pareto_logs/hurricane_Wf48_bin_eb1e-2_f4.log,0.0831004,,1,sparsity,0.000000,0.000000
hurricane,Wf48.bin,100x500x500,1e-2,8,,,,,,,,47.705588,0.202627,47.705588,0.202627,/home/jp/git/posterization_mitigation/script/pareto_logs/hurricane_Wf48_bin_eb1e-2_f8.log,0.0831004,,1,sparsity,0.000000,0.000000
hurricane,CLOUDf48.log10.bin,100x500x500,1e-3,0,0.262989,0.191356,0.0716324,0.00501531,0.0134797,0,0.0095798,61.773900,0.999983,61.772871,0.999983,/home/jp/git/posterization_mitigation/script/pareto_logs/hurricane_CLOUDf48_log10_bin_eb1e-3_f0.log,0.116307,0.160399,0,,0.000202,0.000152
hurricane,CLOUDf48.log10.bin,100x500x500,1e-3,2,0.211589,0.20141,0.010179,0.00735626,0.0143702,0.0165811,0.0417303,61.773900,0.999983,61.772855,0.999983,/home/jp/git/posterization_mitigation/script/pareto_logs/hurricane_CLOUDf48_log10_bin_eb1e-3_f2.log,0.116307,0.160399,0,,0.000202,0.000152
hurricane,CLOUDf48.log10.bin,100x500x500,1e-3,4,0.198402,0.195914,0.00248784,0.005109,0.0149815,0.0156415,0.0414652,61.773900,0.999983,61.772833,0.999983,/home/jp/git/posterization_mitigation/script/pareto_logs/hurricane_CLOUDf48_log10_bin_eb1e-3_f4.log,0.116307,0.160399,0,,0.000203,0.000151
hurricane,CLOUDf48.log10.bin,100x500x500,1e-3,8,0.205234,0.204404,0.000830802,0.00556025,0.0180422,0.0154206,0.0421785,61.773900,0.999983,61.772802,0.999983,/home/jp/git/posterization_mitigation/script/pareto_logs/hurricane_CLOUDf48_log10_bin_eb1e-3_f8.log,0.116307,0.160399,0,,0.000203,0.000151
hurricane,CLOUDf48.log10.bin,100x500x500,5e-3,0,0.317876,0.201097,0.116779,0.00506223,0.0159168,0,0.009597,46.638497,0.999594,46.640995,0.999726,/home/jp/git/posterization_mitigation/script/pareto_logs/hurricane_CLOUDf48_log10_bin_eb5e-3_f0.log,0.116307,0.159232,0,,0.005125,0.008067
hurricane,CLOUDf48.log10.bin,100x500x500,5e-3,2,0.217898,0.200958,0.0169407,0.00685839,0.0151189,0.0164918,0.0417274,46.638497,0.999594,46.640516,0.999720,/home/jp/git/posterization_mitigation/script/pareto_logs/hurricane_CLOUDf48_log10_bin_eb5e-3_f2.log,0.116307,0.159232,0,,0.005157,0.008035
hurricane,CLOUDf48.log10.bin,100x500x500,5e-3,4,0.196937,0.193884,0.00305359,0.00513689,0.0151365,0.0157222,0.0415436,46.638497,0.999594,46.640790,0.999727,/home/jp/git/posterization_mitigation/script/pareto_logs/hurricane_CLOUDf48_log10_bin_eb5e-3_f4.log,0.116307,0.159232,0,,0.004991,0.008201
hurricane,CLOUDf48.log10.bin,100x500x500,5e-3,8,0.199637,0.198536,0.00110144,0.00499832,0.0153936,0.0157016,0.041587,46.638497,0.999594,46.641253,0.999730,/home/jp/git/posterization_mitigation/script/pareto_logs/hurricane_CLOUDf48_log10_bin_eb5e-3_f8.log,0.116307,0.159232,0,,0.004847,0.008346
hurricane,CLOUDf48.log10.bin,100x500x500,1e-2,0,0.33096,0.192049,0.13891,0.00496023,0.0169799,0,0.0173861,46.092037,0.998581,46.162729,0.999371,/home/jp/git/posterization_mitigation/script/pareto_logs/hurricane_CLOUDf48_log10_bin_eb1e-2_f0.log,0.116307,0.15434,0,,0.011553,0.021302
hurricane,CLOUDf48.log10.bin,100x500x500,1e-2,2,0.221071,0.201114,0.0199568,0.00683689,0.0190675,0.0171957,0.0415268,46.092037,0.998581,46.158493,0.999342,/home/jp/git/posterization_mitigation/script/pareto_logs/hurricane_CLOUDf48_log10_bin_eb1e-2_f2.log,0.116307,0.15434,0,,0.011592,0.021263
hurricane,CLOUDf48.log10.bin,100x500x500,1e-2,4,0.200647,0.19703,0.00361686,0.00496474,0.0163339,0.0164118,0.0420255,46.092037,0.998581,46.161439,0.999333,/home/jp/git/posterization_mitigation/script/pareto_logs/hurricane_CLOUDf48_log10_bin_eb1e-2_f4.log,0.116307,0.15434,0,,0.010887,0.021968
hurricane,CLOUDf48.log10.bin,100x500x500,1e-2,8,0.199753,0.198661,0.00109233,0.00503602,0.0169074,0.015899,0.0414551,46.092037,0.998581,46.170042,0.999344,/home/jp/git/posterization_mitigation/script/pareto_logs/hurricane_CLOUDf48_log10_bin_eb1e-2_f8.log,0.116307,0.15434,0,,0.010321,0.022534
hurricane,PRECIPf48.log10.bin,100x500x500,1e-3,0,0.371205,0.165053,0.206152,0.0040656,0.0233344,0,0.00952819,64.766030,0.966049,65.498646,0.984386,/home/jp/git/posterization_mitigation/script/pareto_logs/hurricane_PRECIPf48_log10_bin_eb1e-3_f0.log,0.928428,0.884236,0,,0.097111,0.205171
hurricane,PRECIPf48.log10.bin,100x500x500,1e-3,2,0.192667,0.163125,0.0295422,0.00402426,0.0242154,0.0240093,0.0415345,64.766030,0.966049,65.479875,0.984067,/home/jp/git/posterization_mitigation/script/pareto_logs/hurricane_PRECIPf48_log10_bin_eb1e-3_f2.log,0.928428,0.884236,0,,0.097456,0.204827
hurricane,PRECIPf48.log10.bin,100x500x500,1e-3,4,0.167848,0.163204,0.0046448,0.00434801,0.0248975,0.0231849,0.0416162,64.766030,0.966049,65.505011,0.983225,/home/jp/git/posterization_mitigation/script/pareto_logs/hurricane_PRECIPf48_log10_bin_eb1e-3_f4.log,0.928428,0.884236,0,,0.089524,0.212758
hurricane,PRECIPf48.log10.bin,100x500x500,1e-3,8,0.165579,0.164335,0.0012445,0.00401806,0.0231932,0.0231864,0.041581,64.766030,0.966049,65.567163,0.982985,/home/jp/git/posterization_mitigation/script/pareto_logs/hurricane_PRECIPf48_log10_bin_eb1e-3_f8.log,0.928428,0.884236,0,,0.081849,0.220434
hurricane,PRECIPf48.log10.bin,100x500x500,5e-3,0,0.424459,0.201558,0.222901,0.00750809,0.0314355,0,0.00963859,50.823352,0.774299,52.917402,0.893648,/home/jp/git/posterization_mitigation/script/pareto_logs/hurricane_PRECIPf48_log10_bin_eb5e-3_f0.log,0.771619,0.602174,0,,0.219960,0.475171
hurricane,PRECIPf48.log10.bin,100x500x500,5e-3,2,0.235412,0.203941,0.031471,0.00605343,0.0325133,0.0354325,0.0415185,50.823352,0.774299,52.904455,0.893594,/home/jp/git/posterization_mitigation/script/pareto_logs/hurricane_PRECIPf48_log10_bin_eb5e-3_f2.log,0.771619,0.602174,0,,0.220047,0.475083
hurricane,PRECIPf48.log10.bin,100x500x500,5e-3,4,0.206458,0.20225,0.00420819,0.00656298,0.0311533,0.034381,0.041447,50.823352,0.774299,52.964222,0.889727,/home/jp/git/posterization_mitigation/script/pareto_logs/hurricane_PRECIPf48_log10_bin_eb5e-3_f4.log,0.771619,0.602174,0,,0.205307,0.489824
hurricane,PRECIPf48.log10.bin,100x500x500,5e-3,8,0.204847,0.203845,0.00100264,0.00594001,0.0292384,0.034557,0.0411809,50.823352,0.774299,53.004865,0.876683,/home/jp/git/posterization_mitigation/script/pareto_logs/hurricane_PRECIPf48_log10_bin_eb5e-3_f8.log,0.771619,0.602174,0,,0.186054,0.509077
hurricane,PRECIPf48.log10.bin,100x500x500,1e-2,0,0.445552,0.213102,0.232449,0.00653545,0.0331026,0,0.0096078,45.079630,0.636999,47.432253,0.800317,/home/jp/git/posterization_mitigation/script/pareto_logs/hurricane_PRECIPf48_log10_bin_eb1e-2_f0.log,0.634341,0.447292,0,,0.272184,0.540093
hurricane,PRECIPf48.log10.bin,100x500x500,1e-2,2,0.247548,0.218134,0.029414,0.00730593,0.0304898,0.0385876,0.0415881,45.079630,0.636999,47.447866,0.800956,/home/jp/git/posterization_mitigation/script/pareto_logs/hurricane_PRECIPf48_log10_bin_eb1e-2_f2.log,0.634341,0.447292,0,,0.270296,0.541980
hurricane,PRECIPf48.log10.bin,100x500x500,1e-2,4,0.218318,0.214773,0.00354461,0.00671499,0.0309192,0.0392198,0.0414181,45.079630,0.636999,47.615948,0.798510,/home/jp/git/posterization_mitigation/script/pareto_logs/hurricane_PRECIPf48_log10_bin_eb1e-2_f4.log,0.634341,0.447292,0,,0.253170,0.559106
hurricane,PRECIPf48.log10.bin,100x500x500,1e-2,8,0.221592,0.220642,0.000950556,0.00741915,0.0315608,0.0371007,0.0439979,45.079630,0.636999,47.667591,0.781783,/home/jp/git/posterization_mitigation/script/pareto_logs/hurricane_PRECIPf48_log10_bin_eb1e-2_f8.log,0.634341,0.447292,0,,0.232162,0.580115
hurricane,QCLOUDf48.log10.bin,100x500x500,1e-3,0,,,,,,,,64.617200,0.999973,64.617200,0.999973,/home/jp/git/posterization_mitigation/script/pareto_logs/hurricane_QCLOUDf48_log10_bin_eb1e-3_f0.log,0.0502928,,1,sparsity,0.000000,0.000000
hurricane,QCLOUDf48.log10.bin,100x500x500,1e-3,2,,,,,,,,64.617200,0.999973,64.617200,0.999973,/home/jp/git/posterization_mitigation/script/pareto_logs/hurricane_QCLOUDf48_log10_bin_eb1e-3_f2.log,0.0502928,,1,sparsity,0.000000,0.000000
hurricane,QCLOUDf48.log10.bin,100x500x500,1e-3,4,,,,,,,,64.617200,0.999973,64.617200,0.999973,/home/jp/git/posterization_mitigation/script/pareto_logs/hurricane_QCLOUDf48_log10_bin_eb1e-3_f4.log,0.0502928,,1,sparsity,0.000000,0.000000
hurricane,QCLOUDf48.log10.bin,100x500x500,1e-3,8,,,,,,,,64.617200,0.999973,64.617200,0.999973,/home/jp/git/posterization_mitigation/script/pareto_logs/hurricane_QCLOUDf48_log10_bin_eb1e-3_f8.log,0.0502928,,1,sparsity,0.000000,0.000000
hurricane,QCLOUDf48.log10.bin,100x500x500,5e-3,0,,,,,,,,49.403126,0.999516,49.403126,0.999516,/home/jp/git/posterization_mitigation/script/pareto_logs/hurricane_QCLOUDf48_log10_bin_eb5e-3_f0.log,0.0502928,,1,sparsity,0.000000,0.000000
hurricane,QCLOUDf48.log10.bin,100x500x500,5e-3,2,,,,,,,,49.403126,0.999516,49.403126,0.999516,/home/jp/git/posterization_mitigation/script/pareto_logs/hurricane_QCLOUDf48_log10_bin_eb5e-3_f2.log,0.0502928,,1,sparsity,0.000000,0.000000
hurricane,QCLOUDf48.log10.bin,100x500x500,5e-3,4,,,,,,,,49.403126,0.999516,49.403126,0.999516,/home/jp/git/posterization_mitigation/script/pareto_logs/hurricane_QCLOUDf48_log10_bin_eb5e-3_f4.log,0.0502928,,1,sparsity,0.000000,0.000000
hurricane,QCLOUDf48.log10.bin,100x500x500,5e-3,8,,,,,,,,49.403126,0.999516,49.403126,0.999516,/home/jp/git/posterization_mitigation/script/pareto_logs/hurricane_QCLOUDf48_log10_bin_eb5e-3_f8.log,0.0502928,,1,sparsity,0.000000,0.000000
hurricane,QCLOUDf48.log10.bin,100x500x500,1e-2,0,,,,,,,,48.952024,0.998698,48.952024,0.998698,/home/jp/git/posterization_mitigation/script/pareto_logs/hurricane_QCLOUDf48_log10_bin_eb1e-2_f0.log,0.0502927,,1,sparsity,0.000000,0.000000
hurricane,QCLOUDf48.log10.bin,100x500x500,1e-2,2,,,,,,,,48.952024,0.998698,48.952024,0.998698,/home/jp/git/posterization_mitigation/script/pareto_logs/hurricane_QCLOUDf48_log10_bin_eb1e-2_f2.log,0.0502927,,1,sparsity,0.000000,0.000000
hurricane,QCLOUDf48.log10.bin,100x500x500,1e-2,4,,,,,,,,48.952024,0.998698,48.952024,0.998698,/home/jp/git/posterization_mitigation/script/pareto_logs/hurricane_QCLOUDf48_log10_bin_eb1e-2_f4.log,0.0502927,,1,sparsity,0.000000,0.000000
hurricane,QCLOUDf48.log10.bin,100x500x500,1e-2,8,,,,,,,,48.952024,0.998698,48.952024,0.998698,/home/jp/git/posterization_mitigation/script/pareto_logs/hurricane_QCLOUDf48_log10_bin_eb1e-2_f8.log,0.0502927,,1,sparsity,0.000000,0.000000
hurricane,QGRAUPf48.log10.bin,100x500x500,1e-3,0,0.3592,0.160753,0.198447,0.00396631,0.0220157,0,0.00952134,64.943399,0.978489,65.633898,0.990413,/home/jp/git/posterization_mitigation/script/pareto_logs/hurricane_QGRAUPf48_log10_bin_eb1e-3_f0.log,0.951214,0.905615,0,,0.073008,0.165416
hurricane,QGRAUPf48.log10.bin,100x500x500,1e-3,2,0.188312,0.159559,0.028753,0.00403176,0.0253419,0.024336,0.0414712,64.943399,0.978489,65.615293,0.990128,/home/jp/git/posterization_mitigation/script/pareto_logs/hurricane_QGRAUPf48_log10_bin_eb1e-3_f2.log,0.951214,0.905615,0,,0.073276,0.165149
hurricane,QGRAUPf48.log10.bin,100x500x500,1e-3,4,0.164417,0.159984,0.00443306,0.00406834,0.0252985,0.0213012,0.041539,64.943399,0.978489,65.634517,0.989763,/home/jp/git/posterization_mitigation/script/pareto_logs/hurricane_QGRAUPf48_log10_bin_eb1e-3_f4.log,0.951214,0.905615,0,,0.066511,0.171914
hurricane,QGRAUPf48.log10.bin,100x500x500,1e-3,8,0.174942,0.173661,0.00128123,0.0043405,0.0218919,0.0212665,0.0429025,64.943399,0.978489,65.670534,0.989680,/home/jp/git/posterization_mitigation/script/pareto_logs/hurricane_QGRAUPf48_log10_bin_eb1e-3_f8.log,0.951214,0.905615,0,,0.060579,0.177845
hurricane,QGRAUPf48.log10.bin,100x500x500,5e-3,0,0.429448,0.207193,0.222255,0.00566582,0.0280634,0,0.0174618,50.999884,0.826125,53.023855,0.923448,/home/jp/git/posterization_mitigation/script/pareto_logs/hurricane_QGRAUPf48_log10_bin_eb5e-3_f0.log,0.827681,0.659681,0,,0.192966,0.432596
hurricane,QGRAUPf48.log10.bin,100x500x500,5e-3,2,0.219621,0.188796,0.0308251,0.00544197,0.0273302,0.0325022,0.0416097,50.999884,0.826125,52.995946,0.923073,/home/jp/git/posterization_mitigation/script/pareto_logs/hurricane_QGRAUPf48_log10_bin_eb5e-3_f2.log,0.827681,0.659681,0,,0.193772,0.431789
hurricane,QGRAUPf48.log10.bin,100x500x500,5e-3,4,0.191714,0.187612,0.00410267,0.00556074,0.027922,0.0314758,0.0508251,50.999884,0.826125,53.027632,0.918853,/home/jp/git/posterization_mitigation/script/pareto_logs/hurricane_QGRAUPf48_log10_bin_eb5e-3_f4.log,0.827681,0.659681,0,,0.180434,0.445127
hurricane,QGRAUPf48.log10.bin,100x500x500,5e-3,8,0.194861,0.193627,0.00123335,0.00734015,0.027127,0.0313585,0.0413332,50.999884,0.826125,53.076923,0.907609,/home/jp/git/posterization_mitigation/script/pareto_logs/hurricane_QGRAUPf48_log10_bin_eb5e-3_f8.log,0.827681,0.659681,0,,0.161733,0.463828
hurricane,QGRAUPf48.log10.bin,100x500x500,1e-2,0,0.428231,0.204569,0.223662,0.0060361,0.0281893,0,0.0096338,44.927197,0.682216,46.768679,0.832929,/home/jp/git/posterization_mitigation/script/pareto_logs/hurricane_QGRAUPf48_log10_bin_eb1e-2_f0.log,0.660631,0.510931,0,,0.271817,0.486752
hurricane,QGRAUPf48.log10.bin,100x500x500,1e-2,2,0.245836,0.216257,0.0295795,0.0077178,0.0305869,0.0377818,0.0414648,44.927197,0.682216,46.770635,0.832943,/home/jp/git/posterization_mitigation/script/pareto_logs/hurricane_QGRAUPf48_log10_bin_eb1e-2_f2.log,0.660631,0.510931,0,,0.271026,0.487543
hurricane,QGRAUPf48.log10.bin,100x500x500,1e-2,4,0.208657,0.204928,0.00372929,0.00622786,0.0284176,0.035399,0.0415263,44.927197,0.682216,46.865691,0.827716,/home/jp/git/posterization_mitigation/script/pareto_logs/hurricane_QGRAUPf48_log10_bin_eb1e-2_f4.log,0.660631,0.510931,0,,0.257429,0.501140
hurricane,QGRAUPf48.log10.bin,100x500x500,1e-2,8,0.213047,0.212178,0.000869245,0.00616182,0.0283074,0.0352301,0.0411562,44.927197,0.682216,46.982615,0.806658,/home/jp/git/posterization_mitigation/script/pareto_logs/hurricane_QGRAUPf48_log10_bin_eb1e-2_f8.log,0.660631,0.510931,0,,0.238057,0.520511
hurricane,QICEf48.log10.bin,100x500x500,1e-3,0,,,,,,,,66.669550,0.999953,66.669550,0.999953,/home/jp/git/posterization_mitigation/script/pareto_logs/hurricane_QICEf48_log10_bin_eb1e-3_f0.log,0.0935126,,1,sparsity,0.000000,0.000000
hurricane,QICEf48.log10.bin,100x500x500,1e-3,2,,,,,,,,66.669550,0.999953,66.669550,0.999953,/home/jp/git/posterization_mitigation/script/pareto_logs/hurricane_QICEf48_log10_bin_eb1e-3_f2.log,0.0935126,,1,sparsity,0.000000,0.000000
hurricane,QICEf48.log10.bin,100x500x500,1e-3,4,,,,,,,,66.669550,0.999953,66.669550,0.999953,/home/jp/git/posterization_mitigation/script/pareto_logs/hurricane_QICEf48_log10_bin_eb1e-3_f4.log,0.0935126,,1,sparsity,0.000000,0.000000
hurricane,QICEf48.log10.bin,100x500x500,1e-3,8,,,,,,,,66.669550,0.999953,66.669550,0.999953,/home/jp/git/posterization_mitigation/script/pareto_logs/hurricane_QICEf48_log10_bin_eb1e-3_f8.log,0.0935126,,1,sparsity,0.000000,0.000000
hurricane,QICEf48.log10.bin,100x500x500,5e-3,0,,,,,,,,47.273350,0.998961,47.273350,0.998961,/home/jp/git/posterization_mitigation/script/pareto_logs/hurricane_QICEf48_log10_bin_eb5e-3_f0.log,0.0935126,,1,sparsity,0.000000,0.000000
hurricane,QICEf48.log10.bin,100x500x500,5e-3,2,,,,,,,,47.273350,0.998961,47.273350,0.998961,/home/jp/git/posterization_mitigation/script/pareto_logs/hurricane_QICEf48_log10_bin_eb5e-3_f2.log,0.0935126,,1,sparsity,0.000000,0.000000
hurricane,QICEf48.log10.bin,100x500x500,5e-3,4,,,,,,,,47.273350,0.998961,47.273350,0.998961,/home/jp/git/posterization_mitigation/script/pareto_logs/hurricane_QICEf48_log10_bin_eb5e-3_f4.log,0.0935126,,1,sparsity,0.000000,0.000000
hurricane,QICEf48.log10.bin,100x500x500,5e-3,8,,,,,,,,47.273350,0.998961,47.273350,0.998961,/home/jp/git/posterization_mitigation/script/pareto_logs/hurricane_QICEf48_log10_bin_eb5e-3_f8.log,0.0935126,,1,sparsity,0.000000,0.000000
hurricane,QICEf48.log10.bin,100x500x500,1e-2,0,,,,,,,,46.761185,0.996765,46.761185,0.996765,/home/jp/git/posterization_mitigation/script/pareto_logs/hurricane_QICEf48_log10_bin_eb1e-2_f0.log,0.0935125,,1,sparsity,0.000000,0.000000
hurricane,QICEf48.log10.bin,100x500x500,1e-2,2,,,,,,,,46.761185,0.996765,46.761185,0.996765,/home/jp/git/posterization_mitigation/script/pareto_logs/hurricane_QICEf48_log10_bin_eb1e-2_f2.log,0.0935125,,1,sparsity,0.000000,0.000000
hurricane,QICEf48.log10.bin,100x500x500,1e-2,4,,,,,,,,46.761185,0.996765,46.761185,0.996765,/home/jp/git/posterization_mitigation/script/pareto_logs/hurricane_QICEf48_log10_bin_eb1e-2_f4.log,0.0935125,,1,sparsity,0.000000,0.000000
hurricane,QICEf48.log10.bin,100x500x500,1e-2,8,,,,,,,,46.761185,0.996765,46.761185,0.996765,/home/jp/git/posterization_mitigation/script/pareto_logs/hurricane_QICEf48_log10_bin_eb1e-2_f8.log,0.0935125,,1,sparsity,0.000000,0.000000
hurricane,QRAINf48.log10.bin,100x500x500,1e-3,0,0.369195,0.173591,0.195604,0.00423871,0.0216379,0,0.0161474,64.847768,0.963809,65.545501,0.985486,/home/jp/git/posterization_mitigation/script/pareto_logs/hurricane_QRAINf48_log10_bin_eb1e-3_f0.log,0.9384,0.885182,0,,0.071607,0.166135
hurricane,QRAINf48.log10.bin,100x500x500,1e-3,2,0.201752,0.17281,0.0289423,0.00530374,0.0224884,0.0231446,0.0458574,64.847768,0.963809,65.530238,0.985189,/home/jp/git/posterization_mitigation/script/pareto_logs/hurricane_QRAINf48_log10_bin_eb1e-3_f2.log,0.9384,0.885182,0,,0.071908,0.165836
hurricane,QRAINf48.log10.bin,100x500x500,1e-3,4,0.173717,0.169196,0.00452068,0.00421366,0.0230022,0.0218249,0.0415321,64.847768,0.963809,65.534867,0.983944,/home/jp/git/posterization_mitigation/script/pareto_logs/hurricane_QRAINf48_log10_bin_eb1e-3_f4.log,0.9384,0.885182,0,,0.066106,0.171637
hurricane,QRAINf48.log10.bin,100x500x500,1e-3,8,0.173776,0.1726,0.00117631,0.00511949,0.0223573,0.0216636,0.0415194,64.847768,0.963809,65.549984,0.982336,/home/jp/git/posterization_mitigation/script/pareto_logs/hurricane_QRAINf48_log10_bin_eb1e-3_f8.log,0.9384,0.885182,0,,0.059997,0.177746
hurricane,QRAINf48.log10.bin,100x500x500,5e-3,0,0.427539,0.210728,0.216811,0.00568516,0.0287386,0,0.0123357,50.869996,0.811544,52.535077,0.912957,/home/jp/git/posterization_mitigation/script/pareto_logs/hurricane_QRAINf48_log10_bin_eb5e-3_f0.log,0.832831,0.666823,0,,0.194152,0.401363
hurricane,QRAINf48.log10.bin,100x500x500,5e-3,2,0.229556,0.198842,0.0307146,0.00735794,0.0292713,0.0325338,0.041434,50.869996,0.811544,52.513936,0.912572,/home/jp/git/posterization_mitigation/script/pareto_logs/hurricane_QRAINf48_log10_bin_eb5e-3_f2.log,0.832831,0.666823,0,,0.195159,0.400356
hurricane,QRAINf48.log10.bin,100x500x500,5e-3,4,0.206633,0.202063,0.00456976,0.00584388,0.0292311,0.0316916,0.0440062,50.869996,0.811544,52.562142,0.908672,/home/jp/git/posterization_mitigation/script/pareto_logs/hurricane_QRAINf48_log10_bin_eb5e-3_f4.log,0.832831,0.666823,0,,0.182777,0.412739
hurricane,QRAINf48.log10.bin,100x500x500,5e-3,8,0.215214,0.21391,0.00130376,0.00632262,0.0319112,0.0314091,0.0518543,50.869996,0.811544,52.669373,0.898963,/home/jp/git/posterization_mitigation/script/pareto_logs/hurricane_QRAINf48_log10_bin_eb5e-3_f8.log,0.832831,0.666823,0,,0.167488,0.428028
hurricane,QRAINf48.log10.bin,100x500x500,1e-2,0,0.421729,0.201026,0.220703,0.00606548,0.03076,0,0.00960237,44.930531,0.698337,46.415742,0.837177,/home/jp/git/posterization_mitigation/script/pareto_logs/hurricane_QRAINf48_log10_bin_eb1e-2_f0.log,0.683835,0.53396,0,,0.261900,0.455849
hurricane,QRAINf48.log10.bin,100x500x500,1e-2,2,0.249036,0.217337,0.0316984,0.00719316,0.0326155,0.0356135,0.0418014,44.930531,0.698337,46.413916,0.837128,/home/jp/git/posterization_mitigation/script/pareto_logs/hurricane_QRAINf48_log10_bin_eb1e-2_f2.log,0.683835,0.53396,0,,0.261845,0.455903
hurricane,QRAINf48.log10.bin,100x500x500,1e-2,4,0.213261,0.208892,0.00436904,0.00732346,0.0342649,0.0345983,0.0496679,44.930531,0.698337,46.502672,0.833349,/home/jp/git/posterization_mitigation/script/pareto_logs/hurricane_QRAINf48_log10_bin_eb1e-2_f4.log,0.683835,0.53396,0,,0.249842,0.467906
hurricane,QRAINf48.log10.bin,100x500x500,1e-2,8,0.207552,0.20637,0.00118235,0.00679151,0.0315291,0.0342511,0.0425818,44.930531,0.698337,46.629416,0.814491,/home/jp/git/posterization_mitigation/script/pareto_logs/hurricane_QRAINf48_log10_bin_eb1e-2_f8.log,0.683835,0.53396,0,,0.233972,0.483776
hurricane,QSNOWf48.log10.bin,100x500x500,1e-3,0,0.361905,0.160575,0.201329,0.0038611,0.0222675,0,0.0166287,64.898184,0.975831,65.529184,0.988998,/home/jp/git/posterization_mitigation/script/pareto_logs/hurricane_QSNOWf48_log10_bin_eb1e-3_f0.log,0.953238,0.905874,0,,0.071616,0.162257
hurricane,QSNOWf48.log10.bin,100x500x500,1e-3,2,0.189029,0.160366,0.0286623,0.00391848,0.0218215,0.0217476,0.0416045,64.898184,0.975831,65.513674,0.988777,/home/jp/git/posterization_mitigation/script/pareto_logs/hurricane_QSNOWf48_log10_bin_eb1e-3_f2.log,0.953238,0.905874,0,,0.071907,0.161966
hurricane,QSNOWf48.log10.bin,100x500x500,1e-3,4,0.170361,0.165791,0.00456985,0.00389064,0.0218489,0.0210397,0.0417211,64.898184,0.975831,65.528095,0.988212,/home/jp/git/posterization_mitigation/script/pareto_logs/hurricane_QSNOWf48_log10_bin_eb1e-3_f4.log,0.953238,0.905874,0,,0.066567,0.167307
hurricane,QSNOWf48.log10.bin,100x500x500,1e-3,8,0.161353,0.160001,0.00135233,0.00385697,0.0253612,0.0237153,0.0538952,64.898184,0.975831,65.555511,0.987813,/home/jp/git/posterization_mitigation/script/pareto_logs/hurricane_QSNOWf48_log10_bin_eb1e-3_f8.log,0.953238,0.905874,0,,0.060576,0.173297
hurricane,QSNOWf48.log10.bin,100x500x500,5e-3,0,0.428685,0.199175,0.22951,0.00633349,0.0287292,0,0.0188819,51.010230,0.827444,52.784178,0.917865,/home/jp/git/posterization_mitigation/script/pareto_logs/hurricane_QSNOWf48_log10_bin_eb5e-3_f0.log,0.807262,0.656921,0,,0.218435,0.430455
hurricane,QSNOWf48.log10.bin,100x500x500,5e-3,2,0.226309,0.195704,0.030605,0.0068973,0.0284261,0.0342919,0.0419295,51.010230,0.827444,52.766715,0.917856,/home/jp/git/posterization_mitigation/script/pareto_logs/hurricane_QSNOWf48_log10_bin_eb5e-3_f2.log,0.807262,0.656921,0,,0.218300,0.430590
hurricane,QSNOWf48.log10.bin,100x500x500,5e-3,4,0.202301,0.198014,0.00428781,0.00629926,0.027954,0.0336471,0.0415379,51.010230,0.827444,52.845850,0.914689,/home/jp/git/posterization_mitigation/script/pareto_logs/hurricane_QSNOWf48_log10_bin_eb5e-3_f4.log,0.807262,0.656921,0,,0.202368,0.446522
hurricane,QSNOWf48.log10.bin,100x500x500,5e-3,8,0.192478,0.191483,0.000994417,0.00554094,0.0287364,0.0333945,0.0411803,51.010230,0.827444,52.971701,0.907148,/home/jp/git/posterization_mitigation/script/pareto_logs/hurricane_QSNOWf48_log10_bin_eb5e-3_f8.log,0.807262,0.656921,0,,0.183795,0.465095
hurricane,QSNOWf48.log10.bin,100x500x500,1e-2,0,0.464827,0.232674,0.232153,0.00710646,0.0303356,0,0.00958334,44.769350,0.683825,45.383601,0.802108,/home/jp/git/posterization_mitigation/script/pareto_logs/hurricane_QSNOWf48_log10_bin_eb1e-2_f0.log,0.657734,0.484282,0,,0.342294,0.440346
hurricane,QSNOWf48.log10.bin,100x500x500,1e-2,2,0.238179,0.209679,0.0285008,0.00646783,0.0281419,0.0362039,0.041536,44.769350,0.683825,45.401933,0.802598,/home/jp/git/posterization_mitigation/script/pareto_logs/hurricane_QSNOWf48_log10_bin_eb1e-2_f2.log,0.657734,0.484282,0,,0.341276,0.441363
hurricane,QSNOWf48.log10.bin,100x500x500,1e-2,4,0.225949,0.221958,0.0039904,0.00867856,0.027579,0.0365055,0.0515399,44.769350,0.683825,45.529543,0.800009,/home/jp/git/posterization_mitigation/script/pareto_logs/hurricane_QSNOWf48_log10_bin_eb1e-2_f4.log,0.657734,0.484282,0,,0.325518,0.457122
hurricane,QSNOWf48.log10.bin,100x500x500,1e-2,8,0.217106,0.216118,0.000988285,0.00819067,0.0289884,0.0345673,0.0415873,44.769350,0.683825,45.675759,0.788165,/home/jp/git/posterization_mitigation/script/pareto_logs/hurricane_QSNOWf48_log10_bin_eb1e-2_f8.log,0.657734,0.484282,0,,0.306206,0.476434
