dataset,field,dims,rel_eb,cgeom,geo_scale,harm_rate,benefit_rate,initial_psnr,initial_ssim,final_psnr,final_ssim,log_file
nyx,velocity_x,512x512x512,1e-3,p80f1,1,0.166653,0.539155,64.770879,0.960492,68.667873,0.987925,/home/jp/git/posterization_mitigation/script/pareto_cgeom_v2_logs/nyx_velocity_x_eb1e-3_p80f1.log
nyx,velocity_x,512x512x512,5e-3,p80f1,2.82843,0.146579,0.835817,50.795315,0.556353,59.434224,0.922355,/home/jp/git/posterization_mitigation/script/pareto_cgeom_v2_logs/nyx_velocity_x_eb5e-3_p80f1.log
nyx,velocity_x,512x512x512,1e-2,p80f1,6.00431,0.140791,0.853939,44.758605,0.271399,54.243278,0.857160,/home/jp/git/posterization_mitigation/script/pareto_cgeom_v2_logs/nyx_velocity_x_eb1e-2_p80f1.log
nyx,velocity_y,512x512x512,1e-3,p80f1,1.00106,0.197101,0.635341,64.770111,0.933545,69.238109,0.980862,/home/jp/git/posterization_mitigation/script/pareto_cgeom_v2_logs/nyx_velocity_y_eb1e-3_p80f1.log
nyx,velocity_y,512x512x512,5e-3,p80f1,4.00526,0.155217,0.834296,50.800854,0.425588,59.573295,0.877797,/home/jp/git/posterization_mitigation/script/pareto_cgeom_v2_logs/nyx_velocity_y_eb5e-3_p80f1.log
nyx,velocity_y,512x512x512,1e-2,p80f1,8.13018,0.152591,0.844634,44.731495,0.192604,54.068924,0.787771,/home/jp/git/posterization_mitigation/script/pareto_cgeom_v2_logs/nyx_velocity_y_eb1e-2_p80f1.log
nyx,velocity_z,512x512x512,1e-3,p80f1,1,0.174314,0.515754,64.772546,0.962157,68.284634,0.986992,/home/jp/git/posterization_mitigation/script/pareto_cgeom_v2_logs/nyx_velocity_z_eb1e-3_p80f1.log
nyx,velocity_z,512x512x512,5e-3,p80f1,2.82944,0.161822,0.819718,50.794898,0.559852,58.963818,0.908628,/home/jp/git/posterization_mitigation/script/pareto_cgeom_v2_logs/nyx_velocity_z_eb5e-3_p80f1.log
nyx,velocity_z,512x512x512,1e-2,p80f1,6.00732,0.152603,0.842332,44.755193,0.276103,53.927959,0.826750,/home/jp/git/posterization_mitigation/script/pareto_cgeom_v2_logs/nyx_velocity_z_eb1e-2_p80f1.log
nyx,baryon_density,512x512x512,1e-3,p80f1,,0.000000,0.000000,92.978121,0.002034,92.978121,0.002034,/home/jp/git/posterization_mitigation/script/pareto_cgeom_v2_logs/nyx_baryon_density_eb1e-3_p80f1.log
nyx,baryon_density,512x512x512,5e-3,p80f1,,,,88.817858,0.000615,88.817858,0.000615,/home/jp/git/posterization_mitigation/script/pareto_cgeom_v2_logs/nyx_baryon_density_eb5e-3_p80f1.log
nyx,baryon_density,512x512x512,1e-2,p80f1,,,,86.751905,0.000363,86.751905,0.000363,/home/jp/git/posterization_mitigation/script/pareto_cgeom_v2_logs/nyx_baryon_density_eb1e-2_p80f1.log
nyx,dark_matter_density,512x512x512,1e-3,p80f1,,0.000000,0.000000,78.688234,0.063949,78.688234,0.063949,/home/jp/git/posterization_mitigation/script/pareto_cgeom_v2_logs/nyx_dark_matter_density_eb1e-3_p80f1.log
nyx,dark_matter_density,512x512x512,5e-3,p80f1,,0.000000,0.000000,73.514726,0.013100,73.514726,0.013100,/home/jp/git/posterization_mitigation/script/pareto_cgeom_v2_logs/nyx_dark_matter_density_eb5e-3_p80f1.log
nyx,dark_matter_density,512x512x512,1e-2,p80f1,,0.000000,0.000000,71.484658,0.006444,71.484658,0.006444,/home/jp/git/posterization_mitigation/script/pareto_cgeom_v2_logs/nyx_dark_matter_density_eb1e-2_p80f1.log
nyx,temperature,512x512x512,1e-3,p80f1,7.21422,0.279298,0.711295,63.893276,0.203918,68.358670,0.600864,/home/jp/git/posterization_mitigation/script/pareto_cgeom_v2_logs/nyx_temperature_eb1e-3_p80f1.log
nyx,temperature,512x512x512,5e-3,p80f1,,0.000000,0.000000,54.681982,0.023063,54.681982,0.023063,/home/jp/git/posterization_mitigation/script/pareto_cgeom_v2_logs/nyx_temperature_eb5e-3_p80f1.log
nyx,temperature,512x512x512,1e-2,p80f1,,0.000000,0.000000,54.120235,0.004564,54.120235,0.004564,/home/jp/git/posterization_mitigation/script/pareto_cgeom_v2_logs/nyx_temperature_eb1e-2_p80f1.log
hurricane,CLOUDf48.bin,100x500x500,1e-3,p80f1,,0.000000,0.000000,74.551865,0.939593,74.551865,0.939593,/home/jp/git/posterization_mitigation/script/pareto_cgeom_v2_logs/hurricane_CLOUDf48_bin_eb1e-3_p80f1.log
hurricane,CLOUDf48.bin,100x500x500,5e-3,p80f1,,0.000000,0.000000,61.245129,0.892339,61.245129,0.892339,/home/jp/git/posterization_mitigation/script/pareto_cgeom_v2_logs/hurricane_CLOUDf48_bin_eb5e-3_p80f1.log
hurricane,CLOUDf48.bin,100x500x500,1e-2,p80f1,,0.000000,0.000000,55.673181,0.866362,55.673181,0.866362,/home/jp/git/posterization_mitigation/script/pareto_cgeom_v2_logs/hurricane_CLOUDf48_bin_eb1e-2_p80f1.log
hurricane,Pf48.bin,100x500x500,1e-3,p80f1,1,0.109382,0.378350,64.802868,0.947586,67.073060,0.986760,/home/jp/git/posterization_mitigation/script/pareto_cgeom_v2_logs/hurricane_Pf48_bin_eb1e-3_p80f1.log
hurricane,Pf48.bin,100x500x500,5e-3,p80f1,3.00097,0.125887,0.802717,50.730260,0.603833,58.346274,0.949918,/home/jp/git/posterization_mitigation/script/pareto_cgeom_v2_logs/hurricane_Pf48_bin_eb5e-3_p80f1.log
hurricane,Pf48.bin,100x500x500,1e-2,p80f1,6.08353,0.119749,0.870563,44.815110,0.385721,54.127755,0.933766,/home/jp/git/posterization_mitigation/script/pareto_cgeom_v2_logs/hurricane_Pf48_bin_eb1e-2_p80f1.log
hurricane,PRECIPf48.bin,100x500x500,1e-3,p80f1,,0.000000,0.000000,74.109784,0.172587,74.109784,0.172587,/home/jp/git/posterization_mitigation/script/pareto_cgeom_v2_logs/hurricane_PRECIPf48_bin_eb1e-3_p80f1.log
hurricane,PRECIPf48.bin,100x500x500,5e-3,p80f1,,0.000000,0.000000,61.408998,0.111736,61.408998,0.111736,/home/jp/git/posterization_mitigation/script/pareto_cgeom_v2_logs/hurricane_PRECIPf48_bin_eb5e-3_p80f1.log
hurricane,PRECIPf48.bin,100x500x500,1e-2,p80f1,,0.000000,0.000000,56.063184,0.081414,56.063184,0.081414,/home/jp/git/posterization_mitigation/script/pareto_cgeom_v2_logs/hurricane_PRECIPf48_bin_eb1e-2_p80f1.log
hurricane,QCLOUDf48.bin,100x500x500,1e-3,p80f1,,0.000000,0.000000,79.147707,0.940891,79.147707,0.940891,/home/jp/git/posterization_mitigation/script/pareto_cgeom_v2_logs/hurricane_QCLOUDf48_bin_eb1e-3_p80f1.log
hurricane,QCLOUDf48.bin,100x500x500,5e-3,p80f1,,0.000000,0.000000,65.418675,0.930278,65.418675,0.930278,/home/jp/git/posterization_mitigation/script/pareto_cgeom_v2_logs/hurricane_QCLOUDf48_bin_eb5e-3_p80f1.log
hurricane,QCLOUDf48.bin,100x500x500,1e-2,p80f1,,0.000000,0.000000,59.530910,0.925183,59.530910,0.925183,/home/jp/git/posterization_mitigation/script/pareto_cgeom_v2_logs/hurricane_QCLOUDf48_bin_eb1e-2_p80f1.log
hurricane,QGRAUPf48.bin,100x500x500,1e-3,p80f1,,0.000000,0.000000,78.254525,0.073380,78.254525,0.073380,/home/jp/git/posterization_mitigation/script/pareto_cgeom_v2_logs/hurricane_QGRAUPf48_bin_eb1e-3_p80f1.log
hurricane,QGRAUPf48.bin,100x500x500,5e-3,p80f1,,0.000000,0.000000,65.587275,0.045637,65.587275,0.045637,/home/jp/git/posterization_mitigation/script/pareto_cgeom_v2_logs/hurricane_QGRAUPf48_bin_eb5e-3_p80f1.log
hurricane,QGRAUPf48.bin,100x500x500,1e-2,p80f1,,0.000000,0.000000,60.229760,0.033109,60.229760,0.033109,/home/jp/git/posterization_mitigation/script/pareto_cgeom_v2_logs/hurricane_QGRAUPf48_bin_eb1e-2_p80f1.log
hurricane,QICEf48.bin,100x500x500,1e-3,p80f1,,0.000000,0.000000,75.826787,0.943485,75.826787,0.943485,/home/jp/git/posterization_mitigation/script/pareto_cgeom_v2_logs/hurricane_QICEf48_bin_eb1e-3_p80f1.log
hurricane,QICEf48.bin,100x500x500,5e-3,p80f1,,0.000000,0.000000,62.554833,0.900854,62.554833,0.900854,/home/jp/git/posterization_mitigation/script/pareto_cgeom_v2_logs/hurricane_QICEf48_bin_eb5e-3_p80f1.log
hurricane,QICEf48.bin,100x500x500,1e-2,p80f1,,0.000000,0.000000,57.004798,0.877187,57.004798,0.877187,/home/jp/git/posterization_mitigation/script/pareto_cgeom_v2_logs/hurricane_QICEf48_bin_eb1e-2_p80f1.log
hurricane,QRAINf48.bin,100x500x500,1e-3,p80f1,,0.000000,0.000000,78.322715,0.090843,78.322715,0.090843,/home/jp/git/posterization_mitigation/script/pareto_cgeom_v2_logs/hurricane_QRAINf48_bin_eb1e-3_p80f1.log
hurricane,QRAINf48.bin,100x500x500,5e-3,p80f1,,0.000000,0.000000,65.246262,0.069258,65.246262,0.069258,/home/jp/git/posterization_mitigation/script/pareto_cgeom_v2_logs/hurricane_QRAINf48_bin_eb5e-3_p80f1.log
hurricane,QRAINf48.bin,100x500x500,1e-2,p80f1,,0.000000,0.000000,59.713286,0.056137,59.713286,0.056137,/home/jp/git/posterization_mitigation/script/pareto_cgeom_v2_logs/hurricane_QRAINf48_bin_eb1e-2_p80f1.log
hurricane,QSNOWf48.bin,100x500x500,1e-3,p80f1,,0.000000,0.000000,74.717408,0.149419,74.717408,0.149419,/home/jp/git/posterization_mitigation/script/pareto_cgeom_v2_logs/hurricane_QSNOWf48_bin_eb1e-3_p80f1.log
hurricane,QSNOWf48.bin,100x500x500,5e-3,p80f1,,0.000000,0.000000,61.757795,0.106557,61.757795,0.106557,/home/jp/git/posterization_mitigation/script/pareto_cgeom_v2_logs/hurricane_QSNOWf48_bin_eb5e-3_p80f1.log
hurricane,QSNOWf48.bin,100x500x500,1e-2,p80f1,,0.000000,0.000000,56.321683,0.084133,56.321683,0.084133,/home/jp/git/posterization_mitigation/script/pareto_cgeom_v2_logs/hurricane_QSNOWf48_bin_eb1e-2_p80f1.log
hurricane,QVAPORf48.bin,100x500x500,1e-3,p80f1,11.0563,0.077188,0.448800,65.228531,0.660019,67.222036,0.699477,/home/jp/git/posterization_mitigation/script/pareto_cgeom_v2_logs/hurricane_QVAPORf48_bin_eb1e-3_p80f1.log
hurricane,QVAPORf48.bin,100x500x500,5e-3,p80f1,21.0119,0.410839,0.299913,52.512682,0.516288,53.963949,0.605766,/home/jp/git/posterization_mitigation/script/pareto_cgeom_v2_logs/hurricane_QVAPORf48_bin_eb5e-3_p80f1.log
hurricane,QVAPORf48.bin,100x500x500,1e-2,p80f1,25.1597,0.476499,0.321416,46.770003,0.433618,48.105100,0.563585,/home/jp/git/posterization_mitigation/script/pareto_cgeom_v2_logs/hurricane_QVAPORf48_bin_eb1e-2_p80f1.log
hurricane,TCf48.bin,100x500x500,1e-3,p80f1,1,0.011563,0.025018,64.788895,0.998102,64.876167,0.998498,/home/jp/git/posterization_mitigation/script/pareto_cgeom_v2_logs/hurricane_TCf48_bin_eb1e-3_p80f1.log
hurricane,TCf48.bin,100x500x500,5e-3,p80f1,1,0.068494,0.226279,50.806895,0.963408,52.110666,0.985039,/home/jp/git/posterization_mitigation/script/pareto_cgeom_v2_logs/hurricane_TCf48_bin_eb5e-3_p80f1.log
hurricane,TCf48.bin,100x500x500,1e-2,p80f1,1.0007,0.206748,0.631084,44.801048,0.899577,50.176553,0.968838,/home/jp/git/posterization_mitigation/script/pareto_cgeom_v2_logs/hurricane_TCf48_bin_eb1e-2_p80f1.log
hurricane,Uf48.bin,100x500x500,1e-3,p80f1,1,0.035466,0.069836,64.791495,0.995396,64.992739,0.996157,/home/jp/git/posterization_mitigation/script/pareto_cgeom_v2_logs/hurricane_Uf48_bin_eb1e-3_p80f1.log
hurricane,Uf48.bin,100x500x500,5e-3,p80f1,1.00152,0.188244,0.590987,50.812437,0.909984,54.681214,0.971123,/home/jp/git/posterization_mitigation/script/pareto_cgeom_v2_logs/hurricane_Uf48_bin_eb5e-3_p80f1.log
hurricane,Uf48.bin,100x500x500,1e-2,p80f1,1.41581,0.216635,0.736257,44.783027,0.748742,50.441049,0.924963,/home/jp/git/posterization_mitigation/script/pareto_cgeom_v2_logs/hurricane_Uf48_bin_eb1e-2_p80f1.log
hurricane,Vf48.bin,100x500x500,1e-3,p80f1,1,0.032308,0.070555,64.789575,0.995436,65.050688,0.996323,/home/jp/git/posterization_mitigation/script/pareto_cgeom_v2_logs/hurricane_Vf48_bin_eb1e-3_p80f1.log
hurricane,Vf48.bin,100x500x500,5e-3,p80f1,1.00072,0.179892,0.592850,50.815484,0.910867,54.738521,0.971534,/home/jp/git/posterization_mitigation/script/pareto_cgeom_v2_logs/hurricane_Vf48_bin_eb5e-3_p80f1.log
hurricane,Vf48.bin,100x500x500,1e-2,p80f1,1.41473,0.208186,0.743519,44.776583,0.753443,50.620659,0.928956,/home/jp/git/posterization_mitigation/script/pareto_cgeom_v2_logs/hurricane_Vf48_bin_eb1e-2_p80f1.log
hurricane,Wf48.bin,100x500x500,1e-3,p80f1,1,0.167192,0.222469,64.814406,0.970469,64.800841,0.970783,/home/jp/git/posterization_mitigation/script/pareto_cgeom_v2_logs/hurricane_Wf48_bin_eb1e-3_p80f1.log
hurricane,Wf48.bin,100x500x500,5e-3,p80f1,2.23948,0.358275,0.564592,51.458105,0.536115,53.510964,0.632551,/home/jp/git/posterization_mitigation/script/pareto_cgeom_v2_logs/hurricane_Wf48_bin_eb5e-3_p80f1.log
hurricane,Wf48.bin,100x500x500,1e-2,p80f1,,0.000000,0.000000,47.705588,0.202627,47.705588,0.202627,/home/jp/git/posterization_mitigation/script/pareto_cgeom_v2_logs/hurricane_Wf48_bin_eb1e-2_p80f1.log
hurricane,CLOUDf48.log10.bin,100x500x500,1e-3,p80f1,23.0682,0.000202,0.000152,61.773900,0.999983,61.772855,0.999983,/home/jp/git/posterization_mitigation/script/pareto_cgeom_v2_logs/hurricane_CLOUDf48_log10_bin_eb1e-3_p80f1.log
hurricane,CLOUDf48.log10.bin,100x500x500,5e-3,p80f1,23.0682,0.005157,0.008035,46.638497,0.999594,46.640516,0.999720,/home/jp/git/posterization_mitigation/script/pareto_cgeom_v2_logs/hurricane_CLOUDf48_log10_bin_eb5e-3_p80f1.log
hurricane,CLOUDf48.log10.bin,100x500x500,1e-2,p80f1,23.0682,0.011592,0.021263,46.092037,0.998581,46.158493,0.999342,/home/jp/git/posterization_mitigation/script/pareto_cgeom_v2_logs/hurricane_CLOUDf48_log10_bin_eb1e-2_p80f1.log
hurricane,PRECIPf48.log10.bin,100x500x500,1e-3,p80f1,1,0.090542,0.211740,64.766030,0.966049,65.549691,0.985795,/home/jp/git/posterization_mitigation/script/pareto_cgeom_v2_logs/hurricane_PRECIPf48_log10_bin_eb1e-3_p80f1.log
hurricane,PRECIPf48.log10.bin,100x500x500,5e-3,p80f1,1.41481,0.195688,0.499442,50.823352,0.774299,53.113455,0.901765,/home/jp/git/posterization_mitigation/script/pareto_cgeom_v2_logs/hurricane_PRECIPf48_log10_bin_eb5e-3_p80f1.log
hurricane,PRECIPf48.log10.bin,100x500x500,1e-2,p80f1,3.0048,0.249749,0.562528,45.079630,0.636999,47.629333,0.815013,/home/jp/git/posterization_mitigation/script/pareto_cgeom_v2_logs/hurricane_PRECIPf48_log10_bin_eb1e-2_p80f1.log
hurricane,QCLOUDf48.log10.bin,100x500x500,1e-3,p80f1,,0.000000,0.000000,64.617200,0.999973,64.617200,0.999973,/home/jp/git/posterization_mitigation/script/pareto_cgeom_v2_logs/hurricane_QCLOUDf48_log10_bin_eb1e-3_p80f1.log
hurricane,QCLOUDf48.log10.bin,100x500x500,5e-3,p80f1,,0.000000,0.000000,49.403126,0.999516,49.403126,0.999516,/home/jp/git/posterization_mitigation/script/pareto_cgeom_v2_logs/hurricane_QCLOUDf48_log10_bin_eb5e-3_p80f1.log
hurricane,QCLOUDf48.log10.bin,100x500x500,1e-2,p80f1,,0.000000,0.000000,48.952024,0.998698,48.952024,0.998698,/home/jp/git/posterization_mitigation/script/pareto_cgeom_v2_logs/hurricane_QCLOUDf48_log10_bin_eb1e-2_p80f1.log
hurricane,QGRAUPf48.log10.bin,100x500x500,1e-3,p80f1,1,0.068699,0.169727,64.943399,0.978489,65.662895,0.990882,/home/jp/git/posterization_mitigation/script/pareto_cgeom_v2_logs/hurricane_QGRAUPf48_log10_bin_eb1e-3_p80f1.log
hurricane,QGRAUPf48.log10.bin,100x500x500,5e-3,p80f1,1.0022,0.162584,0.462978,50.999884,0.826125,53.217577,0.926677,/home/jp/git/posterization_mitigation/script/pareto_cgeom_v2_logs/hurricane_QGRAUPf48_log10_bin_eb5e-3_p80f1.log
hurricane,QGRAUPf48.log10.bin,100x500x500,1e-2,p80f1,2.45531,0.257356,0.501212,44.927197,0.682216,47.137585,0.848117,/home/jp/git/posterization_mitigation/script/pareto_cgeom_v2_logs/hurricane_QGRAUPf48_log10_bin_eb1e-2_p80f1.log
hurricane,QICEf48.log10.bin,100x500x500,1e-3,p80f1,,0.000000,0.000000,66.669550,0.999953,66.669550,0.999953,/home/jp/git/posterization_mitigation/script/pareto_cgeom_v2_logs/hurricane_QICEf48_log10_bin_eb1e-3_p80f1.log
hurricane,QICEf48.log10.bin,100x500x500,5e-3,p80f1,,0.000000,0.000000,47.273350,0.998961,47.273350,0.998961,/home/jp/git/posterization_mitigation/script/pareto_cgeom_v2_logs/hurricane_QICEf48_log10_bin_eb5e-3_p80f1.log
hurricane,QICEf48.log10.bin,100x500x500,1e-2,p80f1,,0.000000,0.000000,46.761185,0.996765,46.761185,0.996765,/home/jp/git/posterization_mitigation/script/pareto_cgeom_v2_logs/hurricane_QICEf48_log10_bin_eb1e-2_p80f1.log
hurricane,QRAINf48.log10.bin,100x500x500,1e-3,p80f1,1,0.065309,0.172435,64.847768,0.963809,65.581529,0.986149,/home/jp/git/posterization_mitigation/script/pareto_cgeom_v2_logs/hurricane_QRAINf48_log10_bin_eb1e-3_p80f1.log
hurricane,QRAINf48.log10.bin,100x500x500,5e-3,p80f1,1.00265,0.168949,0.426567,50.869996,0.811544,52.723866,0.909898,/home/jp/git/posterization_mitigation/script/pareto_cgeom_v2_logs/hurricane_QRAINf48_log10_bin_eb5e-3_p80f1.log
hurricane,QRAINf48.log10.bin,100x500x500,1e-2,p80f1,2.45465,0.249932,0.467817,44.930531,0.698337,46.909825,0.856340,/home/jp/git/posterization_mitigation/script/pareto_cgeom_v2_logs/hurricane_QRAINf48_log10_bin_eb1e-2_p80f1.log
hurricane,QSNOWf48.log10.bin,100x500x500,1e-3,p80f1,1,0.067266,0.166607,64.898184,0.975831,65.554050,0.989597,/home/jp/git/posterization_mitigation/script/pareto_cgeom_v2_logs/hurricane_QSNOWf48_log10_bin_eb1e-3_p80f1.log
hurricane,QSNOWf48.log10.bin,100x500x500,5e-3,p80f1,1.00216,0.182818,0.466073,51.010230,0.827444,53.067280,0.924277,/home/jp/git/posterization_mitigation/script/pareto_cgeom_v2_logs/hurricane_QSNOWf48_log10_bin_eb5e-3_p80f1.log
hurricane,QSNOWf48.log10.bin,100x500x500,1e-2,p80f1,3.0032,0.328080,0.454559,44.769350,0.683825,46.107741,0.830146,/home/jp/git/posterization_mitigation/script/pareto_cgeom_v2_logs/hurricane_QSNOWf48_log10_bin_eb1e-2_p80f1.log
nyx,velocity_x,512x512x512,1e-3,gs5,5.0,0.176893,0.528915,64.770879,0.960492,68.511110,0.987089,/home/jp/git/posterization_mitigation/script/pareto_cgeom_v2_logs/nyx_velocity_x_eb1e-3_gs5.log
nyx,velocity_x,512x512x512,5e-3,gs5,5.0,0.158469,0.823927,50.795315,0.556353,59.382492,0.923326,/home/jp/git/posterization_mitigation/script/pareto_cgeom_v2_logs/nyx_velocity_x_eb5e-3_gs5.log
nyx,velocity_x,512x512x512,1e-2,gs5,5.0,0.135054,0.859677,44.758605,0.271399,54.214148,0.853456,/home/jp/git/posterization_mitigation/script/pareto_cgeom_v2_logs/nyx_velocity_x_eb1e-2_gs5.log
nyx,velocity_y,512x512x512,1e-3,gs5,5.0,0.214842,0.617601,64.770111,0.933545,69.008116,0.979198,/home/jp/git/posterization_mitigation/script/pareto_cgeom_v2_logs/nyx_velocity_y_eb1e-3_gs5.log
nyx,velocity_y,512x512x512,5e-3,gs5,5.0,0.160781,0.828732,50.800854,0.425588,59.545527,0.878594,/home/jp/git/posterization_mitigation/script/pareto_cgeom_v2_logs/nyx_velocity_y_eb5e-3_gs5.log
nyx,velocity_y,512x512x512,1e-2,gs5,5.0,0.136352,0.860873,44.731495,0.192604,53.931657,0.772115,/home/jp/git/posterization_mitigation/script/pareto_cgeom_v2_logs/nyx_velocity_y_eb1e-2_gs5.log
nyx,velocity_z,512x512x512,1e-3,gs5,5.0,0.183626,0.506442,64.772546,0.962157,68.113932,0.985901,/home/jp/git/posterization_mitigation/script/pareto_cgeom_v2_logs/nyx_velocity_z_eb1e-3_gs5.log
nyx,velocity_z,512x512x512,5e-3,gs5,5.0,0.173288,0.808252,50.794898,0.559852,58.866566,0.907617,/home/jp/git/posterization_mitigation/script/pareto_cgeom_v2_logs/nyx_velocity_z_eb5e-3_gs5.log
nyx,velocity_z,512x512x512,1e-2,gs5,5.0,0.146613,0.848321,44.755193,0.276103,53.924181,0.823725,/home/jp/git/posterization_mitigation/script/pareto_cgeom_v2_logs/nyx_velocity_z_eb1e-2_gs5.log
nyx,baryon_density,512x512x512,1e-3,gs5,5.0,0.000000,0.000000,92.978121,0.002034,92.978121,0.002034,/home/jp/git/posterization_mitigation/script/pareto_cgeom_v2_logs/nyx_baryon_density_eb1e-3_gs5.log
nyx,baryon_density,512x512x512,5e-3,gs5,5.0,,,88.817858,0.000615,88.817858,0.000615,/home/jp/git/posterization_mitigation/script/pareto_cgeom_v2_logs/nyx_baryon_density_eb5e-3_gs5.log
nyx,baryon_density,512x512x512,1e-2,gs5,5.0,,,86.751905,0.000363,86.751905,0.000363,/home/jp/git/posterization_mitigation/script/pareto_cgeom_v2_logs/nyx_baryon_density_eb1e-2_gs5.log
nyx,dark_matter_density,512x512x512,1e-3,gs5,5.0,0.000000,0.000000,78.688234,0.063949,78.688234,0.063949,/home/jp/git/posterization_mitigation/script/pareto_cgeom_v2_logs/nyx_dark_matter_density_eb1e-3_gs5.log
nyx,dark_matter_density,512x512x512,5e-3,gs5,5.0,0.000000,0.000000,73.514726,0.013100,73.514726,0.013100,/home/jp/git/posterization_mitigation/script/pareto_cgeom_v2_logs/nyx_dark_matter_density_eb5e-3_gs5.log
nyx,dark_matter_density,512x512x512,1e-2,gs5,5.0,0.000000,0.000000,71.484658,0.006444,71.484658,0.006444,/home/jp/git/posterization_mitigation/script/pareto_cgeom_v2_logs/nyx_dark_matter_density_eb1e-2_gs5.log
nyx,temperature,512x512x512,1e-3,gs5,5.0,0.271849,0.718744,63.893276,0.203918,68.439293,0.608581,/home/jp/git/posterization_mitigation/script/pareto_cgeom_v2_logs/nyx_temperature_eb1e-3_gs5.log
nyx,temperature,512x512x512,5e-3,gs5,5.0,0.000000,0.000000,54.681982,0.023063,54.681982,0.023063,/home/jp/git/posterization_mitigation/script/pareto_cgeom_v2_logs/nyx_temperature_eb5e-3_gs5.log
nyx,temperature,512x512x512,1e-2,gs5,5.0,0.000000,0.000000,54.120235,0.004564,54.120235,0.004564,/home/jp/git/posterization_mitigation/script/pareto_cgeom_v2_logs/nyx_temperature_eb1e-2_gs5.log
hurricane,CLOUDf48.bin,100x500x500,1e-3,gs5,5.0,0.000000,0.000000,74.551865,0.939593,74.551865,0.939593,/home/jp/git/posterization_mitigation/script/pareto_cgeom_v2_logs/hurricane_CLOUDf48_bin_eb1e-3_gs5.log
hurricane,CLOUDf48.bin,100x500x500,5e-3,gs5,5.0,0.000000,0.000000,61.245129,0.892339,61.245129,0.892339,/home/jp/git/posterization_mitigation/script/pareto_cgeom_v2_logs/hurricane_CLOUDf48_bin_eb5e-3_gs5.log
hurricane,CLOUDf48.bin,100x500x500,1e-2,gs5,5.0,0.000000,0.000000,55.673181,0.866362,55.673181,0.866362,/home/jp/git/posterization_mitigation/script/pareto_cgeom_v2_logs/hurricane_CLOUDf48_bin_eb1e-2_gs5.log
hurricane,Pf48.bin,100x500x500,1e-3,gs5,5.0,0.121881,0.365851,64.802868,0.947586,66.860813,0.987851,/home/jp/git/posterization_mitigation/script/pareto_cgeom_v2_logs/hurricane_Pf48_bin_eb1e-3_gs5.log
hurricane,Pf48.bin,100x500x500,5e-3,gs5,5.0,0.131622,0.796983,50.730260,0.603833,58.574733,0.963315,/home/jp/git/posterization_mitigation/script/pareto_cgeom_v2_logs/hurricane_Pf48_bin_eb5e-3_gs5.log
hurricane,Pf48.bin,100x500x500,1e-2,gs5,5.0,0.116876,0.873436,44.815110,0.385721,53.946734,0.922732,/home/jp/git/posterization_mitigation/script/pareto_cgeom_v2_logs/hurricane_Pf48_bin_eb1e-2_gs5.log
hurricane,PRECIPf48.bin,100x500x500,1e-3,gs5,5.0,0.000000,0.000000,74.109784,0.172587,74.109784,0.172587,/home/jp/git/posterization_mitigation/script/pareto_cgeom_v2_logs/hurricane_PRECIPf48_bin_eb1e-3_gs5.log
hurricane,PRECIPf48.bin,100x500x500,5e-3,gs5,5.0,0.000000,0.000000,61.408998,0.111736,61.408998,0.111736,/home/jp/git/posterization_mitigation/script/pareto_cgeom_v2_logs/hurricane_PRECIPf48_bin_eb5e-3_gs5.log
hurricane,PRECIPf48.bin,100x500x500,1e-2,gs5,5.0,0.000000,0.000000,56.063184,0.081414,56.063184,0.081414,/home/jp/git/posterization_mitigation/script/pareto_cgeom_v2_logs/hurricane_PRECIPf48_bin_eb1e-2_gs5.log
hurricane,QCLOUDf48.bin,100x500x500,1e-3,gs5,5.0,0.000000,0.000000,79.147707,0.940891,79.147707,0.940891,/home/jp/git/posterization_mitigation/script/pareto_cgeom_v2_logs/hurricane_QCLOUDf48_bin_eb1e-3_gs5.log
hurricane,QCLOUDf48.bin,100x500x500,5e-3,gs5,5.0,0.000000,0.000000,65.418675,0.930278,65.418675,0.930278,/home/jp/git/posterization_mitigation/script/pareto_cgeom_v2_logs/hurricane_QCLOUDf48_bin_eb5e-3_gs5.log
hurricane,QCLOUDf48.bin,100x500x500,1e-2,gs5,5.0,0.000000,0.000000,59.530910,0.925183,59.530910,0.925183,/home/jp/git/posterization_mitigation/script/pareto_cgeom_v2_logs/hurricane_QCLOUDf48_bin_eb1e-2_gs5.log
hurricane,QGRAUPf48.bin,100x500x500,1e-3,gs5,5.0,0.000000,0.000000,78.254525,0.073380,78.254525,0.073380,/home/jp/git/posterization_mitigation/script/pareto_cgeom_v2_logs/hurricane_QGRAUPf48_bin_eb1e-3_gs5.log
hurricane,QGRAUPf48.bin,100x500x500,5e-3,gs5,5.0,0.000000,0.000000,65.587275,0.045637,65.587275,0.045637,/home/jp/git/posterization_mitigation/script/pareto_cgeom_v2_logs/hurricane_QGRAUPf48_bin_eb5e-3_gs5.log
hurricane,QGRAUPf48.bin,100x500x500,1e-2,gs5,5.0,0.000000,0.000000,60.229760,0.033109,60.229760,0.033109,/home/jp/git/posterization_mitigation/script/pareto_cgeom_v2_logs/hurricane_QGRAUPf48_bin_eb1e-2_gs5.log
hurricane,QICEf48.bin,100x500x500,1e-3,gs5,5.0,0.000000,0.000000,75.826787,0.943485,75.826787,0.943485,/home/jp/git/posterization_mitigation/script/pareto_cgeom_v2_logs/hurricane_QICEf48_bin_eb1e-3_gs5.log
hurricane,QICEf48.bin,100x500x500,5e-3,gs5,5.0,0.000000,0.000000,62.554833,0.900854,62.554833,0.900854,/home/jp/git/posterization_mitigation/script/pareto_cgeom_v2_logs/hurricane_QICEf48_bin_eb5e-3_gs5.log
hurricane,QICEf48.bin,100x500x500,1e-2,gs5,5.0,0.000000,0.000000,57.004798,0.877187,57.004798,0.877187,/home/jp/git/posterization_mitigation/script/pareto_cgeom_v2_logs/hurricane_QICEf48_bin_eb1e-2_gs5.log
hurricane,QRAINf48.bin,100x500x500,1e-3,gs5,5.0,0.000000,0.000000,78.322715,0.090843,78.322715,0.090843,/home/jp/git/posterization_mitigation/script/pareto_cgeom_v2_logs/hurricane_QRAINf48_bin_eb1e-3_gs5.log
hurricane,QRAINf48.bin,100x500x500,5e-3,gs5,5.0,0.000000,0.000000,65.246262,0.069258,65.246262,0.069258,/home/jp/git/posterization_mitigation/script/pareto_cgeom_v2_logs/hurricane_QRAINf48_bin_eb5e-3_gs5.log
hurricane,QRAINf48.bin,100x500x500,1e-2,gs5,5.0,0.000000,0.000000,59.713286,0.056137,59.713286,0.056137,/home/jp/git/posterization_mitigation/script/pareto_cgeom_v2_logs/hurricane_QRAINf48_bin_eb1e-2_gs5.log
hurricane,QSNOWf48.bin,100x500x500,1e-3,gs5,5.0,0.000000,0.000000,74.717408,0.149419,74.717408,0.149419,/home/jp/git/posterization_mitigation/script/pareto_cgeom_v2_logs/hurricane_QSNOWf48_bin_eb1e-3_gs5.log
hurricane,QSNOWf48.bin,100x500x500,5e-3,gs5,5.0,0.000000,0.000000,61.757795,0.106557,61.757795,0.106557,/home/jp/git/posterization_mitigation/script/pareto_cgeom_v2_logs/hurricane_QSNOWf48_bin_eb5e-3_gs5.log
hurricane,QSNOWf48.bin,100x500x500,1e-2,gs5,5.0,0.000000,0.000000,56.321683,0.084133,56.321683,0.084133,/home/jp/git/posterization_mitigation/script/pareto_cgeom_v2_logs/hurricane_QSNOWf48_bin_eb1e-2_gs5.log
hurricane,QVAPORf48.bin,100x500x500,1e-3,gs5,5.0,0.064828,0.461160,65.228531,0.660019,67.013489,0.733370,/home/jp/git/posterization_mitigation/script/pareto_cgeom_v2_logs/hurricane_QVAPORf48_bin_eb1e-3_gs5.log
hurricane,QVAPORf48.bin,100x500x500,5e-3,gs5,5.0,0.140514,0.570237,52.512682,0.516288,55.015670,0.650741,/home/jp/git/posterization_mitigation/script/pareto_cgeom_v2_logs/hurricane_QVAPORf48_bin_eb5e-3_gs5.log
hurricane,QVAPORf48.bin,100x500x500,1e-2,gs5,5.0,0.275038,0.522878,46.770003,0.433618,49.895098,0.603812,/home/jp/git/posterization_mitigation/script/pareto_cgeom_v2_logs/hurricane_QVAPORf48_bin_eb1e-2_gs5.log
hurricane,TCf48.bin,100x500x500,1e-3,gs5,5.0,0.011858,0.024724,64.788895,0.998102,64.869983,0.998484,/home/jp/git/posterization_mitigation/script/pareto_cgeom_v2_logs/hurricane_TCf48_bin_eb1e-3_gs5.log
hurricane,TCf48.bin,100x500x500,5e-3,gs5,5.0,0.075940,0.218833,50.806895,0.963408,52.014418,0.983670,/home/jp/git/posterization_mitigation/script/pareto_cgeom_v2_logs/hurricane_TCf48_bin_eb5e-3_gs5.log
hurricane,TCf48.bin,100x500x500,1e-2,gs5,5.0,0.225785,0.612046,44.801048,0.899577,49.791857,0.966150,/home/jp/git/posterization_mitigation/script/pareto_cgeom_v2_logs/hurricane_TCf48_bin_eb1e-2_gs5.log
hurricane,Uf48.bin,100x500x500,1e-3,gs5,5.0,0.036069,0.069233,64.791495,0.995396,64.976962,0.996128,/home/jp/git/posterization_mitigation/script/pareto_cgeom_v2_logs/hurricane_Uf48_bin_eb1e-3_gs5.log
hurricane,Uf48.bin,100x500x500,5e-3,gs5,5.0,0.208916,0.570315,50.812437,0.909984,54.373531,0.968326,/home/jp/git/posterization_mitigation/script/pareto_cgeom_v2_logs/hurricane_Uf48_bin_eb5e-3_gs5.log
hurricane,Uf48.bin,100x500x500,1e-2,gs5,5.0,0.241044,0.711849,44.783027,0.748742,50.023171,0.916948,/home/jp/git/posterization_mitigation/script/pareto_cgeom_v2_logs/hurricane_Uf48_bin_eb1e-2_gs5.log
hurricane,Vf48.bin,100x500x500,1e-3,gs5,5.0,0.032930,0.069932,64.789575,0.995436,65.034319,0.996289,/home/jp/git/posterization_mitigation/script/pareto_cgeom_v2_logs/hurricane_Vf48_bin_eb1e-3_gs5.log
hurricane,Vf48.bin,100x500x500,5e-3,gs5,5.0,0.200611,0.572130,50.815484,0.910867,54.459530,0.969196,/home/jp/git/posterization_mitigation/script/pareto_cgeom_v2_logs/hurricane_Vf48_bin_eb5e-3_gs5.log
hurricane,Vf48.bin,100x500x500,1e-2,gs5,5.0,0.232686,0.719019,44.776583,0.753443,50.252518,0.923287,/home/jp/git/posterization_mitigation/script/pareto_cgeom_v2_logs/hurricane_Vf48_bin_eb1e-2_gs5.log
hurricane,Wf48.bin,100x500x500,1e-3,gs5,5.0,0.170754,0.218907,64.814406,0.970469,64.732768,0.969337,/home/jp/git/posterization_mitigation/script/pareto_cgeom_v2_logs/hurricane_Wf48_bin_eb1e-3_gs5.log
hurricane,Wf48.bin,100x500x500,5e-3,gs5,5.0,0.370874,0.551994,51.458105,0.536115,53.305922,0.624174,/home/jp/git/posterization_mitigation/script/pareto_cgeom_v2_logs/hurricane_Wf48_bin_eb5e-3_gs5.log
hurricane,Wf48.bin,100x500x500,1e-2,gs5,5.0,0.000000,0.000000,47.705588,0.202627,47.705588,0.202627,/home/jp/git/posterization_mitigation/script/pareto_cgeom_v2_logs/hurricane_Wf48_bin_eb1e-2_gs5.log
hurricane,CLOUDf48.log10.bin,100x500x500,1e-3,gs5,5.0,0.000202,0.000152,61.773900,0.999983,61.772855,0.999983,/home/jp/git/posterization_mitigation/script/pareto_cgeom_v2_logs/hurricane_CLOUDf48_log10_bin_eb1e-3_gs5.log
hurricane,CLOUDf48.log10.bin,100x500x500,5e-3,gs5,5.0,0.005157,0.008035,46.638497,0.999594,46.640516,0.999720,/home/jp/git/posterization_mitigation/script/pareto_cgeom_v2_logs/hurricane_CLOUDf48_log10_bin_eb5e-3_gs5.log
hurricane,CLOUDf48.log10.bin,100x500x500,1e-2,gs5,5.0,0.011592,0.021263,46.092037,0.998581,46.158494,0.999342,/home/jp/git/posterization_mitigation/script/pareto_cgeom_v2_logs/hurricane_CLOUDf48_log10_bin_eb1e-2_gs5.log
hurricane,PRECIPf48.log10.bin,100x500x500,1e-3,gs5,5.0,0.097453,0.204829,64.766030,0.966049,65.480063,0.984093,/home/jp/git/posterization_mitigation/script/pareto_cgeom_v2_logs/hurricane_PRECIPf48_log10_bin_eb1e-3_gs5.log
hurricane,PRECIPf48.log10.bin,100x500x500,5e-3,gs5,5.0,0.217882,0.477248,50.823352,0.774299,52.940016,0.897329,/home/jp/git/posterization_mitigation/script/pareto_cgeom_v2_logs/hurricane_PRECIPf48_log10_bin_eb5e-3_gs5.log
hurricane,PRECIPf48.log10.bin,100x500x500,1e-2,gs5,5.0,0.261269,0.551007,45.079630,0.636999,47.544308,0.809495,/home/jp/git/posterization_mitigation/script/pareto_cgeom_v2_logs/hurricane_PRECIPf48_log10_bin_eb1e-2_gs5.log
hurricane,QCLOUDf48.log10.bin,100x500x500,1e-3,gs5,5.0,0.000000,0.000000,64.617200,0.999973,64.617200,0.999973,/home/jp/git/posterization_mitigation/script/pareto_cgeom_v2_logs/hurricane_QCLOUDf48_log10_bin_eb1e-3_gs5.log
hurricane,QCLOUDf48.log10.bin,100x500x500,5e-3,gs5,5.0,0.000000,0.000000,49.403126,0.999516,49.403126,0.999516,/home/jp/git/posterization_mitigation/script/pareto_cgeom_v2_logs/hurricane_QCLOUDf48_log10_bin_eb5e-3_gs5.log
hurricane,QCLOUDf48.log10.bin,100x500x500,1e-2,gs5,5.0,0.000000,0.000000,48.952024,0.998698,48.952024,0.998698,/home/jp/git/posterization_mitigation/script/pareto_cgeom_v2_logs/hurricane_QCLOUDf48_log10_bin_eb1e-2_gs5.log
hurricane,QGRAUPf48.log10.bin,100x500x500,1e-3,gs5,5.0,0.073276,0.165150,64.943399,0.978489,65.615304,0.990130,/home/jp/git/posterization_mitigation/script/pareto_cgeom_v2_logs/hurricane_QGRAUPf48_log10_bin_eb1e-3_gs5.log
hurricane,QGRAUPf48.log10.bin,100x500x500,5e-3,gs5,5.0,0.193072,0.432489,50.999884,0.826125,53.014177,0.924738,/home/jp/git/posterization_mitigation/script/pareto_cgeom_v2_logs/hurricane_QGRAUPf48_log10_bin_eb5e-3_gs5.log
hurricane,QGRAUPf48.log10.bin,100x500x500,1e-2,gs5,5.0,0.266949,0.491619,44.927197,0.682216,46.914238,0.841218,/home/jp/git/posterization_mitigation/script/pareto_cgeom_v2_logs/hurricane_QGRAUPf48_log10_bin_eb1e-2_gs5.log
hurricane,QICEf48.log10.bin,100x500x500,1e-3,gs5,5.0,0.000000,0.000000,66.669550,0.999953,66.669550,0.999953,/home/jp/git/posterization_mitigation/script/pareto_cgeom_v2_logs/hurricane_QICEf48_log10_bin_eb1e-3_gs5.log
hurricane,QICEf48.log10.bin,100x500x500,5e-3,gs5,5.0,0.000000,0.000000,47.273350,0.998961,47.273350,0.998961,/home/jp/git/posterization_mitigation/script/pareto_cgeom_v2_logs/hurricane_QICEf48_log10_bin_eb5e-3_gs5.log
hurricane,QICEf48.log10.bin,100x500x500,1e-2,gs5,5.0,0.000000,0.000000,46.761185,0.996765,46.761185,0.996765,/home/jp/git/posterization_mitigation/script/pareto_cgeom_v2_logs/hurricane_QICEf48_log10_bin_eb1e-2_gs5.log
hurricane,QRAINf48.log10.bin,100x500x500,1e-3,gs5,5.0,0.071887,0.165857,64.847768,0.963809,65.530482,0.985227,/home/jp/git/posterization_mitigation/script/pareto_cgeom_v2_logs/hurricane_QRAINf48_log10_bin_eb1e-3_gs5.log
hurricane,QRAINf48.log10.bin,100x500x500,5e-3,gs5,5.0,0.194231,0.401284,50.869996,0.811544,52.563198,0.916369,/home/jp/git/posterization_mitigation/script/pareto_cgeom_v2_logs/hurricane_QRAINf48_log10_bin_eb5e-3_gs5.log
hurricane,QRAINf48.log10.bin,100x500x500,1e-2,gs5,5.0,0.258914,0.458834,44.930531,0.698337,46.689737,0.852668,/home/jp/git/posterization_mitigation/script/pareto_cgeom_v2_logs/hurricane_QRAINf48_log10_bin_eb1e-2_gs5.log
hurricane,QSNOWf48.log10.bin,100x500x500,1e-3,gs5,5.0,0.071902,0.161972,64.898184,0.975831,65.513706,0.988784,/home/jp/git/posterization_mitigation/script/pareto_cgeom_v2_logs/hurricane_QSNOWf48_log10_bin_eb1e-3_gs5.log
hurricane,QSNOWf48.log10.bin,100x500x500,5e-3,gs5,5.0,0.216891,0.431999,51.010230,0.827444,52.796930,0.920871,/home/jp/git/posterization_mitigation/script/pareto_cgeom_v2_logs/hurricane_QSNOWf48_log10_bin_eb5e-3_gs5.log
hurricane,QSNOWf48.log10.bin,100x500x500,1e-2,gs5,5.0,0.337231,0.445409,44.769350,0.683825,45.798392,0.819619,/home/jp/git/posterization_mitigation/script/pareto_cgeom_v2_logs/hurricane_QSNOWf48_log10_bin_eb1e-2_gs5.log
