dataset,field,dims,rel_eb,downsample_factor,geo_scale,edt_total_s,edt_round1_s,edt_round2_s,fill_sign_s,neutral_boundary_s,downsample_boundary_s,compensation_stage_s,initial_psnr,initial_ssim,final_psnr,final_ssim,log_file,sparsity,edge_density,skipped,skip_reason,harm_rate,benefit_rate
nyx,velocity_x,512x512x512,1e-3,0,1,2.3708,1.06974,1.30107,0.0219466,0.108698,0,0.0428662,64.770879,0.960492,68.760052,0.988650,/home/jp/git/posterization_mitigation/script/pareto_logs_cgeom_p80f1/nyx_velocity_x_eb1e-3_f0.log,0.989357,0.857252,0,,0.170153
0.535656,,,,,,,,,,,,,,,,,,,,
nyx,velocity_x,512x512x512,1e-3,2,1,1.04389,0.910634,0.133254,0.02655,0.1111,0.0268373,0.139556,64.770879,0.960492,68.667873,0.987925,/home/jp/git/posterization_mitigation/script/pareto_logs_cgeom_p80f1/nyx_velocity_x_eb1e-3_f2.log,0.989357,0.857252,0,,0.166653
0.539155,,,,,,,,,,,,,,,,,,,,
nyx,velocity_x,512x512x512,1e-3,4,1,0.972451,0.960332,0.0121182,0.0254566,0.11124,0.0111686,0.138831,64.770879,0.960492,68.685812,0.986920,/home/jp/git/posterization_mitigation/script/pareto_logs_cgeom_p80f1/nyx_velocity_x_eb1e-3_f4.log,0.989357,0.857252,0,,0.142275
0.563533,,,,,,,,,,,,,,,,,,,,
nyx,velocity_x,512x512x512,1e-3,8,1,0.895465,0.893825,0.00164049,0.0218965,0.107694,0.00517921,0.134191,64.770879,0.960492,68.741181,0.986824,/home/jp/git/posterization_mitigation/script/pareto_logs_cgeom_p80f1/nyx_velocity_x_eb1e-3_f8.log,0.989357,0.857252,0,,0.123657
0.582151,,,,,,,,,,,,,,,,,,,,
nyx,velocity_x,512x512x512,5e-3,0,2.82843,2.19908,1.16004,1.03904,0.042753,0.0987842,0,0.0434789,50.795315,0.556353,59.691687,0.925944,/home/jp/git/posterization_mitigation/script/pareto_logs_cgeom_p80f1/nyx_velocity_x_eb5e-3_f0.log,0.949016,0.266869,0,,0.143883
0.838513,,,,,,,,,,,,,,,,,,,,
nyx,velocity_x,512x512x512,5e-3,2,2.82843,1.33728,1.17581,0.16147,0.0383806,0.100332,0.0243905,0.137046,50.795315,0.556353,59.434224,0.922355,/home/jp/git/posterization_mitigation/script/pareto_logs_cgeom_p80f1/nyx_velocity_x_eb5e-3_f2.log,0.949016,0.266869,0,,0.146579
0.835817,,,,,,,,,,,,,,,,,,,,
nyx,velocity_x,512x512x512,5e-3,4,2.82843,1.01074,0.998623,0.0121148,0.0416815,0.099698,0.00879816,0.133306,50.795315,0.556353,57.900670,0.895367,/home/jp/git/posterization_mitigation/script/pareto_logs_cgeom_p80f1/nyx_velocity_x_eb5e-3_f4.log,0.949016,0.266869,0,,0.137597
0.844798,,,,,,,,,,,,,,,,,,,,
nyx,velocity_x,512x512x512,5e-3,8,2.82843,1.09555,1.0939,0.00165306,0.0441937,0.099227,0.00306202,0.132763,50.795315,0.556353,55.699186,0.810834,/home/jp/git/posterization_mitigation/script/pareto_logs_cgeom_p80f1/nyx_velocity_x_eb5e-3_f8.log,0.949016,0.266869,0,,0.120370
0.862026,,,,,,,,,,,,,,,,,,,,
nyx,velocity_x,512x512x512,1e-2,0,6.00431,2.07506,1.05653,1.01853,0.0542348,0.0851554,0,0.0425973,44.758605,0.271399,54.332652,0.860178,/home/jp/git/posterization_mitigation/script/pareto_logs_cgeom_p80f1/nyx_velocity_x_eb1e-2_f0.log,0.898317,0.142408,0,,0.141521
0.853209,,,,,,,,,,,,,,,,,,,,
nyx,velocity_x,512x512x512,1e-2,2,6.00431,1.25386,1.1185,0.135361,0.0558124,0.0868839,0.0253125,0.135274,44.758605,0.271399,54.243278,0.857160,/home/jp/git/posterization_mitigation/script/pareto_logs_cgeom_p80f1/nyx_velocity_x_eb1e-2_f2.log,0.898317,0.142408,0,,0.140791
0.853939,,,,,,,,,,,,,,,,,,,,
nyx,velocity_x,512x512x512,1e-2,4,6.00431,0.990084,0.977723,0.012361,0.0512204,0.0852677,0.0128306,0.136772,44.758605,0.271399,53.791963,0.843455,/home/jp/git/posterization_mitigation/script/pareto_logs_cgeom_p80f1/nyx_velocity_x_eb1e-2_f4.log,0.898317,0.142408,0,,0.136178
0.858553,,,,,,,,,,,,,,,,,,,,
nyx,velocity_x,512x512x512,1e-2,8,6.00431,1.03926,1.03753,0.00172909,0.0535612,0.0885436,0.00796719,0.132465,44.758605,0.271399,51.596114,0.763479,/home/jp/git/posterization_mitigation/script/pareto_logs_cgeom_p80f1/nyx_velocity_x_eb1e-2_f8.log,0.898317,0.142408,0,,0.129301
0.865430,,,,,,,,,,,,,,,,,,,,
nyx,velocity_y,512x512x512,1e-3,0,1.00106,1.93452,0.923353,1.01116,0.0342459,0.128044,0,0.0422918,64.770111,0.933545,69.435348,0.982470,/home/jp/git/posterization_mitigation/script/pareto_logs_cgeom_p80f1/nyx_velocity_y_eb1e-3_f0.log,0.976838,0.756916,0,,0.202099
0.630343,,,,,,,,,,,,,,,,,,,,
nyx,velocity_y,512x512x512,1e-3,2,1.00106,1.1996,1.06324,0.136354,0.0268831,0.127905,0.0265001,0.13707,64.770111,0.933545,69.238109,0.980862,/home/jp/git/posterization_mitigation/script/pareto_logs_cgeom_p80f1/nyx_velocity_y_eb1e-3_f2.log,0.976838,0.756916,0,,0.197101
0.635341,,,,,,,,,,,,,,,,,,,,
nyx,velocity_y,512x512x512,1e-3,4,1.00106,0.960987,0.949204,0.011783,0.0331699,0.128495,0.0141112,0.133851,64.770111,0.933545,69.109617,0.977547,/home/jp/git/posterization_mitigation/script/pareto_logs_cgeom_p80f1/nyx_velocity_y_eb1e-3_f4.log,0.976838,0.756916,0,,0.166392
0.666051,,,,,,,,,,,,,,,,,,,,
nyx,velocity_y,512x512x512,1e-3,8,1.00106,0.94319,0.941637,0.00155232,0.0265994,0.127842,0.00346346,0.134613,64.770111,0.933545,69.146753,0.976781,/home/jp/git/posterization_mitigation/script/pareto_logs_cgeom_p80f1/nyx_velocity_y_eb1e-3_f8.log,0.976838,0.756916,0,,0.149756
0.682687,,,,,,,,,,,,,,,,,,,,
nyx,velocity_y,512x512x512,5e-3,0,4.00526,2.18253,1.08326,1.09927,0.0490468,0.104065,0,0.0508626,50.800854,0.425588,59.727765,0.880851,/home/jp/git/posterization_mitigation/script/pareto_logs_cgeom_p80f1/nyx_velocity_y_eb5e-3_f0.log,0.888878,0.208787,0,,0.155101
0.834413,,,,,,,,,,,,,,,,,,,,
nyx,velocity_y,512x512x512,5e-3,2,4.00526,1.44716,1.32248,0.124681,0.0459021,0.0992716,0.0256967,0.136027,50.800854,0.425588,59.573295,0.877797,/home/jp/git/posterization_mitigation/script/pareto_logs_cgeom_p80f1/nyx_velocity_y_eb5e-3_f2.log,0.888878,0.208787,0,,0.155217
0.834296,,,,,,,,,,,,,,,,,,,,
nyx,velocity_y,512x512x512,5e-3,4,4.00526,0.996936,0.984454,0.012482,0.042806,0.0966798,0.0107568,0.135828,50.800854,0.425588,58.707759,0.859750,/home/jp/git/posterization_mitigation/script/pareto_logs_cgeom_p80f1/nyx_velocity_y_eb5e-3_f4.log,0.888878,0.208787,0,,0.147661
0.841853,,,,,,,,,,,,,,,,,,,,
nyx,velocity_y,512x512x512,5e-3,8,4.00526,1.03775,1.03625,0.00149299,0.0437549,0.0966733,0.00519541,0.132479,50.800854,0.425588,56.185460,0.763147,/home/jp/git/posterization_mitigation/script/pareto_logs_cgeom_p80f1/nyx_velocity_y_eb5e-3_f8.log,0.888878,0.208787,0,,0.131432
0.858082,,,,,,,,,,,,,,,,,,,,
nyx,velocity_y,512x512x512,1e-2,0,8.13018,2.12074,1.06298,1.05776,0.0479323,0.0836435,0,0.0449328,44.731495,0.192604,54.105134,0.789874,/home/jp/git/posterization_mitigation/script/pareto_logs_cgeom_p80f1/nyx_velocity_y_eb1e-2_f0.log,0.777563,0.110588,0,,0.154447
0.842778,,,,,,,,,,,,,,,,,,,,
nyx,velocity_y,512x512x512,1e-2,2,8.13018,1.29718,1.11251,0.184668,0.0495501,0.0888461,0.0258201,0.140267,44.731495,0.192604,54.068924,0.787771,/home/jp/git/posterization_mitigation/script/pareto_logs_cgeom_p80f1/nyx_velocity_y_eb1e-2_f2.log,0.777563,0.110588,0,,0.152591
0.844634,,,,,,,,,,,,,,,,,,,,
nyx,velocity_y,512x512x512,1e-2,4,8.13018,1.18939,1.14884,0.0405527,0.0489756,0.0874534,0.0178474,0.138968,44.731495,0.192604,53.819803,0.777651,/home/jp/git/posterization_mitigation/script/pareto_logs_cgeom_p80f1/nyx_velocity_y_eb1e-2_f4.log,0.777563,0.110588,0,,0.147627
0.849598,,,,,,,,,,,,,,,,,,,,
nyx,velocity_y,512x512x512,1e-2,8,8.13018,1.12731,1.12575,0.00156053,0.0513968,0.0829979,0.0105466,0.134589,44.731495,0.192604,52.606041,0.729354,/home/jp/git/posterization_mitigation/script/pareto_logs_cgeom_p80f1/nyx_velocity_y_eb1e-2_f8.log,0.777563,0.110588,0,,0.140767
0.856458,,,,,,,,,,,,,,,,,,,,
nyx,velocity_z,512x512x512,1e-3,0,1,1.96795,0.935257,1.0327,0.0235185,0.210892,0,0.0425135,64.772546,0.962157,68.355761,0.987559,/home/jp/git/posterization_mitigation/script/pareto_logs_cgeom_p80f1/nyx_velocity_z_eb1e-3_f0.log,0.979482,0.862322,0,,0.177903
0.512165,,,,,,,,,,,,,,,,,,,,
nyx,velocity_z,512x512x512,1e-3,2,1,1.12896,0.976197,0.152767,0.0240096,0.127335,0.0259122,0.136282,64.772546,0.962157,68.284634,0.986992,/home/jp/git/posterization_mitigation/script/pareto_logs_cgeom_p80f1/nyx_velocity_z_eb1e-3_f2.log,0.979482,0.862322,0,,0.174314
0.515754,,,,,,,,,,,,,,,,,,,,
nyx,velocity_z,512x512x512,1e-3,4,1,0.969261,0.956619,0.0126413,0.0314279,0.127031,0.0104084,0.135003,64.772546,0.962157,68.344632,0.986605,/home/jp/git/posterization_mitigation/script/pareto_logs_cgeom_p80f1/nyx_velocity_z_eb1e-3_f4.log,0.979482,0.862322,0,,0.148359
0.541709,,,,,,,,,,,,,,,,,,,,
nyx,velocity_z,512x512x512,1e-3,8,1,0.936206,0.934598,0.00160882,0.0309874,0.127292,0.00528756,0.132601,64.772546,0.962157,68.389125,0.986611,/home/jp/git/posterization_mitigation/script/pareto_logs_cgeom_p80f1/nyx_velocity_z_eb1e-3_f8.log,0.979482,0.862322,0,,0.129363
0.560706,,,,,,,,,,,,,,,,,,,,
nyx,velocity_z,512x512x512,5e-3,0,2.82944,2.10187,1.07619,1.02568,0.0396429,0.110695,0,0.0423299,50.794898,0.559852,59.195439,0.911758,/home/jp/git/posterization_mitigation/script/pareto_logs_cgeom_p80f1/nyx_velocity_z_eb5e-3_f0.log,0.898293,0.275798,0,,0.160548
0.820992,,,,,,,,,,,,,,,,,,,,
nyx,velocity_z,512x512x512,5e-3,2,2.82944,1.28954,1.1162,0.173345,0.0457173,0.110163,0.0242384,0.136959,50.794898,0.559852,58.963818,0.908628,/home/jp/git/posterization_mitigation/script/pareto_logs_cgeom_p80f1/nyx_velocity_z_eb5e-3_f2.log,0.898293,0.275798,0,,0.161822
0.819718,,,,,,,,,,,,,,,,,,,,
nyx,velocity_z,512x512x512,5e-3,4,2.82944,1.15281,1.14028,0.0125249,0.0445807,0.110734,0.00905959,0.133525,50.794898,0.559852,57.724313,0.885443,/home/jp/git/posterization_mitigation/script/pareto_logs_cgeom_p80f1/nyx_velocity_z_eb5e-3_f4.log,0.898293,0.275798,0,,0.150480
0.831060,,,,,,,,,,,,,,,,,,,,
nyx,velocity_z,512x512x512,5e-3,8,2.82944,1.08695,1.08453,0.00241651,0.046845,0.11122,0.00327122,0.133557,50.794898,0.559852,55.661836,0.804073,/home/jp/git/posterization_mitigation/script/pareto_logs_cgeom_p80f1/nyx_velocity_z_eb5e-3_f8.log,0.898293,0.275798,0,,0.132767
0.848774,,,,,,,,,,,,,,,,,,,,
nyx,velocity_z,512x512x512,1e-2,0,6.00732,2.02909,1.01684,1.01225,0.0520599,0.0909549,0,0.0451494,44.755193,0.276103,54.001625,0.829298,/home/jp/git/posterization_mitigation/script/pareto_logs_cgeom_p80f1/nyx_velocity_z_eb1e-2_f0.log,0.797192,0.147357,0,,0.154090
0.840845,,,,,,,,,,,,,,,,,,,,
nyx,velocity_z,512x512x512,1e-2,2,6.00732,1.26533,1.10643,0.1589,0.0480777,0.0930159,0.0323457,0.137091,44.755193,0.276103,53.927959,0.826750,/home/jp/git/posterization_mitigation/script/pareto_logs_cgeom_p80f1/nyx_velocity_z_eb1e-2_f2.log,0.797192,0.147357,0,,0.152603
0.842332,,,,,,,,,,,,,,,,,,,,
nyx,velocity_z,512x512x512,1e-2,4,6.00732,1.02469,1.01147,0.0132267,0.0534819,0.0963886,0.0125567,0.134984,44.755193,0.276103,53.489892,0.813879,/home/jp/git/posterization_mitigation/script/pareto_logs_cgeom_p80f1/nyx_velocity_z_eb1e-2_f4.log,0.797192,0.147357,0,,0.146348
0.848586,,,,,,,,,,,,,,,,,,,,
nyx,velocity_z,512x512x512,1e-2,8,6.00732,1.00169,0.999934,0.00175352,0.0481641,0.091435,0.00733683,0.13251,44.755193,0.276103,51.580758,0.742368,/home/jp/git/posterization_mitigation/script/pareto_logs_cgeom_p80f1/nyx_velocity_z_eb1e-2_f8.log,0.797192,0.147357,0,,0.136785
0.858150,,,,,,,,,,,,,,,,,,,,
nyx,baryon_density,512x512x512,1e-3,0,,,,,,,,,92.978121,0.002034,92.978121,0.002034,/home/jp/git/posterization_mitigation/script/pareto_logs_cgeom_p80f1/nyx_baryon_density_eb1e-3_f0.log,0.000169262,,1,Sparsity 0.000169262 < 0.1; skipping compensation,0.000000
0.000000,,,,,,,,,,,,,,,,,,,,
nyx,baryon_density,512x512x512,1e-3,2,,,,,,,,,92.978121,0.002034,92.978121,0.002034,/home/jp/git/posterization_mitigation/script/pareto_logs_cgeom_p80f1/nyx_baryon_density_eb1e-3_f2.log,0.000169262,,1,Sparsity 0.000169262 < 0.1; skipping compensation,0.000000
0.000000,,,,,,,,,,,,,,,,,,,,
nyx,baryon_density,512x512x512,1e-3,4,,,,,,,,,92.978121,0.002034,92.978121,0.002034,/home/jp/git/posterization_mitigation/script/pareto_logs_cgeom_p80f1/nyx_baryon_density_eb1e-3_f4.log,0.000169262,,1,Sparsity 0.000169262 < 0.1; skipping compensation,0.000000
0.000000,,,,,,,,,,,,,,,,,,,,
nyx,baryon_density,512x512x512,1e-3,8,,,,,,,,,92.978121,0.002034,92.978121,0.002034,/home/jp/git/posterization_mitigation/script/pareto_logs_cgeom_p80f1/nyx_baryon_density_eb1e-3_f8.log,0.000169262,,1,Sparsity 0.000169262 < 0.1; skipping compensation,0.000000
0.000000,,,,,,,,,,,,,,,,,,,,
nyx,baryon_density,512x512x512,5e-3,0,,,,,,,,,88.817858,0.000615,88.817858,0.000615,/home/jp/git/posterization_mitigation/script/pareto_logs_cgeom_p80f1/nyx_baryon_density_eb5e-3_f0.log,,,1,sparsity=0.000023 too low (< 1/6000); skipping compensation,
,,,,,,,,,,,,,,,,,,,,
nyx,baryon_density,512x512x512,5e-3,2,,,,,,,,,88.817858,0.000615,88.817858,0.000615,/home/jp/git/posterization_mitigation/script/pareto_logs_cgeom_p80f1/nyx_baryon_density_eb5e-3_f2.log,,,1,sparsity=0.000023 too low (< 1/6000); skipping compensation,
,,,,,,,,,,,,,,,,,,,,
nyx,baryon_density,512x512x512,5e-3,4,,,,,,,,,88.817858,0.000615,88.817858,0.000615,/home/jp/git/posterization_mitigation/script/pareto_logs_cgeom_p80f1/nyx_baryon_density_eb5e-3_f4.log,,,1,sparsity=0.000023 too low (< 1/6000); skipping compensation,
,,,,,,,,,,,,,,,,,,,,
nyx,baryon_density,512x512x512,5e-3,8,,,,,,,,,88.817858,0.000615,88.817858,0.000615,/home/jp/git/posterization_mitigation/script/pareto_logs_cgeom_p80f1/nyx_baryon_density_eb5e-3_f8.log,,,1,sparsity=0.000023 too low (< 1/6000); skipping compensation,
,,,,,,,,,,,,,,,,,,,,
nyx,baryon_density,512x512x512,1e-2,0,,,,,,,,,86.751905,0.000363,86.751905,0.000363,/home/jp/git/posterization_mitigation/script/pareto_logs_cgeom_p80f1/nyx_baryon_density_eb1e-2_f0.log,,,1,sparsity=0.000010 too low (< 1/6000); skipping compensation,
,,,,,,,,,,,,,,,,,,,,
nyx,baryon_density,512x512x512,1e-2,2,,,,,,,,,86.751905,0.000363,86.751905,0.000363,/home/jp/git/posterization_mitigation/script/pareto_logs_cgeom_p80f1/nyx_baryon_density_eb1e-2_f2.log,,,1,sparsity=0.000010 too low (< 1/6000); skipping compensation,
,,,,,,,,,,,,,,,,,,,,
nyx,baryon_density,512x512x512,1e-2,4,,,,,,,,,86.751905,0.000363,86.751905,0.000363,/home/jp/git/posterization_mitigation/script/pareto_logs_cgeom_p80f1/nyx_baryon_density_eb1e-2_f4.log,,,1,sparsity=0.000010 too low (< 1/6000); skipping compensation,
,,,,,,,,,,,,,,,,,,,,
nyx,baryon_density,512x512x512,1e-2,8,,,,,,,,,86.751905,0.000363,86.751905,0.000363,/home/jp/git/posterization_mitigation/script/pareto_logs_cgeom_p80f1/nyx_baryon_density_eb1e-2_f8.log,,,1,sparsity=0.000010 too low (< 1/6000); skipping compensation,
,,,,,,,,,,,,,,,,,,,,
nyx,dark_matter_density,512x512x512,1e-3,0,,,,,,,,,78.688234,0.063949,78.688234,0.063949,/home/jp/git/posterization_mitigation/script/pareto_logs_cgeom_p80f1/nyx_dark_matter_density_eb1e-3_f0.log,0.00699309,,1,Sparsity 0.00699309 < 0.1; skipping compensation,0.000000
0.000000,,,,,,,,,,,,,,,,,,,,
nyx,dark_matter_density,512x512x512,1e-3,2,,,,,,,,,78.688234,0.063949,78.688234,0.063949,/home/jp/git/posterization_mitigation/script/pareto_logs_cgeom_p80f1/nyx_dark_matter_density_eb1e-3_f2.log,0.00699309,,1,Sparsity 0.00699309 < 0.1; skipping compensation,0.000000
0.000000,,,,,,,,,,,,,,,,,,,,
nyx,dark_matter_density,512x512x512,1e-3,4,,,,,,,,,78.688234,0.063949,78.688234,0.063949,/home/jp/git/posterization_mitigation/script/pareto_logs_cgeom_p80f1/nyx_dark_matter_density_eb1e-3_f4.log,0.00699309,,1,Sparsity 0.00699309 < 0.1; skipping compensation,0.000000
0.000000,,,,,,,,,,,,,,,,,,,,
nyx,dark_matter_density,512x512x512,1e-3,8,,,,,,,,,78.688234,0.063949,78.688234,0.063949,/home/jp/git/posterization_mitigation/script/pareto_logs_cgeom_p80f1/nyx_dark_matter_density_eb1e-3_f8.log,0.00699309,,1,Sparsity 0.00699309 < 0.1; skipping compensation,0.000000
0.000000,,,,,,,,,,,,,,,,,,,,
nyx,dark_matter_density,512x512x512,5e-3,0,,,,,,,,,73.514726,0.013100,73.514726,0.013100,/home/jp/git/posterization_mitigation/script/pareto_logs_cgeom_p80f1/nyx_dark_matter_density_eb5e-3_f0.log,0.000730008,,1,Sparsity 0.000730008 < 0.1; skipping compensation,0.000000
0.000000,,,,,,,,,,,,,,,,,,,,
nyx,dark_matter_density,512x512x512,5e-3,2,,,,,,,,,73.514726,0.013100,73.514726,0.013100,/home/jp/git/posterization_mitigation/script/pareto_logs_cgeom_p80f1/nyx_dark_matter_density_eb5e-3_f2.log,0.000730008,,1,Sparsity 0.000730008 < 0.1; skipping compensation,0.000000
0.000000,,,,,,,,,,,,,,,,,,,,
nyx,dark_matter_density,512x512x512,5e-3,4,,,,,,,,,73.514726,0.013100,73.514726,0.013100,/home/jp/git/posterization_mitigation/script/pareto_logs_cgeom_p80f1/nyx_dark_matter_density_eb5e-3_f4.log,0.000730008,,1,Sparsity 0.000730008 < 0.1; skipping compensation,0.000000
0.000000,,,,,,,,,,,,,,,,,,,,
nyx,dark_matter_density,512x512x512,5e-3,8,,,,,,,,,73.514726,0.013100,73.514726,0.013100,/home/jp/git/posterization_mitigation/script/pareto_logs_cgeom_p80f1/nyx_dark_matter_density_eb5e-3_f8.log,0.000730008,,1,Sparsity 0.000730008 < 0.1; skipping compensation,0.000000
0.000000,,,,,,,,,,,,,,,,,,,,
nyx,dark_matter_density,512x512x512,1e-2,0,,,,,,,,,71.484658,0.006444,71.484658,0.006444,/home/jp/git/posterization_mitigation/script/pareto_logs_cgeom_p80f1/nyx_dark_matter_density_eb1e-2_f0.log,0.000277407,,1,Sparsity 0.000277407 < 0.1; skipping compensation,0.000000
0.000000,,,,,,,,,,,,,,,,,,,,
nyx,dark_matter_density,512x512x512,1e-2,2,,,,,,,,,71.484658,0.006444,71.484658,0.006444,/home/jp/git/posterization_mitigation/script/pareto_logs_cgeom_p80f1/nyx_dark_matter_density_eb1e-2_f2.log,0.000277407,,1,Sparsity 0.000277407 < 0.1; skipping compensation,0.000000
0.000000,,,,,,,,,,,,,,,,,,,,
nyx,dark_matter_density,512x512x512,1e-2,4,,,,,,,,,71.484658,0.006444,71.484658,0.006444,/home/jp/git/posterization_mitigation/script/pareto_logs_cgeom_p80f1/nyx_dark_matter_density_eb1e-2_f4.log,0.000277407,,1,Sparsity 0.000277407 < 0.1; skipping compensation,0.000000
0.000000,,,,,,,,,,,,,,,,,,,,
nyx,dark_matter_density,512x512x512,1e-2,8,,,,,,,,,71.484658,0.006444,71.484658,0.006444,/home/jp/git/posterization_mitigation/script/pareto_logs_cgeom_p80f1/nyx_dark_matter_density_eb1e-2_f8.log,0.000277407,,1,Sparsity 0.000277407 < 0.1; skipping compensation,0.000000
0.000000,,,,,,,,,,,,,,,,,,,,
nyx,temperature,512x512x512,1e-3,0,7.21422,1.9222,1.00017,0.922032,0.0548443,0.0868307,0,0.0443194,63.893276,0.203918,68.303233,0.601159,/home/jp/git/posterization_mitigation/script/pareto_logs_cgeom_p80f1/nyx_temperature_eb1e-3_f0.log,0.182711,0.118405,0,,0.281318
0.709275,,,,,,,,,,,,,,,,,,,,
nyx,temperature,512x512x512,1e-3,2,7.21422,1.17497,1.0244,0.150569,0.0586194,0.087134,0.0378978,0.136681,63.893276,0.203918,68.358670,0.600864,/home/jp/git/posterization_mitigation/script/pareto_logs_cgeom_p80f1/nyx_temperature_eb1e-3_f2.log,0.182711,0.118405,0,,0.279298
0.711295,,,,,,,,,,,,,,,,,,,,
nyx,temperature,512x512x512,1e-3,4,7.21422,1.08164,1.06806,0.0135784,0.0569916,0.0848524,0.012853,0.134974,63.893276,0.203918,68.449992,0.595726,/home/jp/git/posterization_mitigation/script/pareto_logs_cgeom_p80f1/nyx_temperature_eb1e-3_f4.log,0.182711,0.118405,0,,0.273846
0.716747,,,,,,,,,,,,,,,,,,,,
nyx,temperature,512x512x512,1e-3,8,7.21422,1.16028,1.15858,0.00169655,0.0483679,0.0847754,0.00842306,0.133497,63.893276,0.203918,68.594161,0.565298,/home/jp/git/posterization_mitigation/script/pareto_logs_cgeom_p80f1/nyx_temperature_eb1e-3_f8.log,0.182711,0.118405,0,,0.259340
0.731253,,,,,,,,,,,,,,,,,,,,
nyx,temperature,512x512x512,5e-3,0,,,,,,,,,54.681982,0.023063,54.681982,0.023063,/home/jp/git/posterization_mitigation/script/pareto_logs_cgeom_p80f1/nyx_temperature_eb5e-3_f0.log,0.0166679,,1,Sparsity 0.0166679 < 0.1; skipping compensation,0.000000
0.000000,,,,,,,,,,,,,,,,,,,,
nyx,temperature,512x512x512,5e-3,2,,,,,,,,,54.681982,0.023063,54.681982,0.023063,/home/jp/git/posterization_mitigation/script/pareto_logs_cgeom_p80f1/nyx_temperature_eb5e-3_f2.log,0.0166679,,1,Sparsity 0.0166679 < 0.1; skipping compensation,0.000000
0.000000,,,,,,,,,,,,,,,,,,,,
nyx,temperature,512x512x512,5e-3,4,,,,,,,,,54.681982,0.023063,54.681982,0.023063,/home/jp/git/posterization_mitigation/script/pareto_logs_cgeom_p80f1/nyx_temperature_eb5e-3_f4.log,0.0166679,,1,Sparsity 0.0166679 < 0.1; skipping compensation,0.000000
0.000000,,,,,,,,,,,,,,,,,,,,
nyx,temperature,512x512x512,5e-3,8,,,,,,,,,54.681982,0.023063,54.681982,0.023063,/home/jp/git/posterization_mitigation/script/pareto_logs_cgeom_p80f1/nyx_temperature_eb5e-3_f8.log,0.0166679,,1,Sparsity 0.0166679 < 0.1; skipping compensation,0.000000
0.000000,,,,,,,,,,,,,,,,,,,,
nyx,temperature,512x512x512,1e-2,0,,,,,,,,,54.120235,0.004564,54.120235,0.004564,/home/jp/git/posterization_mitigation/script/pareto_logs_cgeom_p80f1/nyx_temperature_eb1e-2_f0.log,0.00173351,,1,Sparsity 0.00173351 < 0.1; skipping compensation,0.000000
0.000000,,,,,,,,,,,,,,,,,,,,
nyx,temperature,512x512x512,1e-2,2,,,,,,,,,54.120235,0.004564,54.120235,0.004564,/home/jp/git/posterization_mitigation/script/pareto_logs_cgeom_p80f1/nyx_temperature_eb1e-2_f2.log,0.00173351,,1,Sparsity 0.00173351 < 0.1; skipping compensation,0.000000
0.000000,,,,,,,,,,,,,,,,,,,,
nyx,temperature,512x512x512,1e-2,4,,,,,,,,,54.120235,0.004564,54.120235,0.004564,/home/jp/git/posterization_mitigation/script/pareto_logs_cgeom_p80f1/nyx_temperature_eb1e-2_f4.log,0.00173351,,1,Sparsity 0.00173351 < 0.1; skipping compensation,0.000000
0.000000,,,,,,,,,,,,,,,,,,,,
nyx,temperature,512x512x512,1e-2,8,,,,,,,,,54.120235,0.004564,54.120235,0.004564,/home/jp/git/posterization_mitigation/script/pareto_logs_cgeom_p80f1/nyx_temperature_eb1e-2_f8.log,0.00173351,,1,Sparsity 0.00173351 < 0.1; skipping compensation,0.000000
0.000000,,,,,,,,,,,,,,,,,,,,
hurricane,CLOUDf48.bin,100x500x500,1e-3,0,,,,,,,,,74.551865,0.939593,74.551865,0.939593,/home/jp/git/posterization_mitigation/script/pareto_logs_cgeom_p80f1/hurricane_CLOUDf48_bin_eb1e-3_f0.log,0.0889219,,1,Sparsity 0.0889219 < 0.1; skipping compensation,0.000000
0.000000,,,,,,,,,,,,,,,,,,,,
hurricane,CLOUDf48.bin,100x500x500,1e-3,2,,,,,,,,,74.551865,0.939593,74.551865,0.939593,/home/jp/git/posterization_mitigation/script/pareto_logs_cgeom_p80f1/hurricane_CLOUDf48_bin_eb1e-3_f2.log,0.0889219,,1,Sparsity 0.0889219 < 0.1; skipping compensation,0.000000
0.000000,,,,,,,,,,,,,,,,,,,,
hurricane,CLOUDf48.bin,100x500x500,1e-3,4,,,,,,,,,74.551865,0.939593,74.551865,0.939593,/home/jp/git/posterization_mitigation/script/pareto_logs_cgeom_p80f1/hurricane_CLOUDf48_bin_eb1e-3_f4.log,0.0889219,,1,Sparsity 0.0889219 < 0.1; skipping compensation,0.000000
0.000000,,,,,,,,,,,,,,,,,,,,
hurricane,CLOUDf48.bin,100x500x500,1e-3,8,,,,,,,,,74.551865,0.939593,74.551865,0.939593,/home/jp/git/posterization_mitigation/script/pareto_logs_cgeom_p80f1/hurricane_CLOUDf48_bin_eb1e-3_f8.log,0.0889219,,1,Sparsity 0.0889219 < 0.1; skipping compensation,0.000000
0.000000,,,,,,,,,,,,,,,,,,,,
hurricane,CLOUDf48.bin,100x500x500,5e-3,0,,,,,,,,,61.245129,0.892339,61.245129,0.892339,/home/jp/git/posterization_mitigation/script/pareto_logs_cgeom_p80f1/hurricane_CLOUDf48_bin_eb5e-3_f0.log,0.0667006,,1,Sparsity 0.0667006 < 0.1; skipping compensation,0.000000
0.000000,,,,,,,,,,,,,,,,,,,,
hurricane,CLOUDf48.bin,100x500x500,5e-3,2,,,,,,,,,61.245129,0.892339,61.245129,0.892339,/home/jp/git/posterization_mitigation/script/pareto_logs_cgeom_p80f1/hurricane_CLOUDf48_bin_eb5e-3_f2.log,0.0667006,,1,Sparsity 0.0667006 < 0.1; skipping compensation,0.000000
0.000000,,,,,,,,,,,,,,,,,,,,
hurricane,CLOUDf48.bin,100x500x500,5e-3,4,,,,,,,,,61.245129,0.892339,61.245129,0.892339,/home/jp/git/posterization_mitigation/script/pareto_logs_cgeom_p80f1/hurricane_CLOUDf48_bin_eb5e-3_f4.log,0.0667006,,1,Sparsity 0.0667006 < 0.1; skipping compensation,0.000000
0.000000,,,,,,,,,,,,,,,,,,,,
hurricane,CLOUDf48.bin,100x500x500,5e-3,8,,,,,,,,,61.245129,0.892339,61.245129,0.892339,/home/jp/git/posterization_mitigation/script/pareto_logs_cgeom_p80f1/hurricane_CLOUDf48_bin_eb5e-3_f8.log,0.0667006,,1,Sparsity 0.0667006 < 0.1; skipping compensation,0.000000
0.000000,,,,,,,,,,,,,,,,,,,,
hurricane,CLOUDf48.bin,100x500x500,1e-2,0,,,,,,,,,55.673181,0.866362,55.673181,0.866362,/home/jp/git/posterization_mitigation/script/pareto_logs_cgeom_p80f1/hurricane_CLOUDf48_bin_eb1e-2_f0.log,0.0549986,,1,Sparsity 0.0549986 < 0.1; skipping compensation,0.000000
0.000000,,,,,,,,,,,,,,,,,,,,
hurricane,CLOUDf48.bin,100x500x500,1e-2,2,,,,,,,,,55.673181,0.866362,55.673181,0.866362,/home/jp/git/posterization_mitigation/script/pareto_logs_cgeom_p80f1/hurricane_CLOUDf48_bin_eb1e-2_f2.log,0.0549986,,1,Sparsity 0.0549986 < 0.1; skipping compensation,0.000000
0.000000,,,,,,,,,,,,,,,,,,,,
hurricane,CLOUDf48.bin,100x500x500,1e-2,4,,,,,,,,,55.673181,0.866362,55.673181,0.866362,/home/jp/git/posterization_mitigation/script/pareto_logs_cgeom_p80f1/hurricane_CLOUDf48_bin_eb1e-2_f4.log,0.0549986,,1,Sparsity 0.0549986 < 0.1; skipping compensation,0.000000
0.000000,,,,,,,,,,,,,,,,,,,,
hurricane,CLOUDf48.bin,100x500x500,1e-2,8,,,,,,,,,55.673181,0.866362,55.673181,0.866362,/home/jp/git/posterization_mitigation/script/pareto_logs_cgeom_p80f1/hurricane_CLOUDf48_bin_eb1e-2_f8.log,0.0549986,,1,Sparsity 0.0549986 < 0.1; skipping compensation,0.000000
0.000000,,,,,,,,,,,,,,,,,,,,
hurricane,Pf48.bin,100x500x500,1e-3,0,1,0.296559,0.146769,0.14979,0.00316546,0.0149579,0,0.00911263,64.802868,0.947586,67.145384,0.988026,/home/jp/git/posterization_mitigation/script/pareto_logs_cgeom_p80f1/hurricane_Pf48_bin_eb1e-3_f0.log,0.954272,0.834558,0,,0.108209
0.379523,,,,,,,,,,,,,,,,,,,,
hurricane,Pf48.bin,100x500x500,1e-3,2,1,0.186495,0.168449,0.0180457,0.00559028,0.0148822,0.00483415,0.0253794,64.802868,0.947586,67.073060,0.986760,/home/jp/git/posterization_mitigation/script/pareto_logs_cgeom_p80f1/hurricane_Pf48_bin_eb1e-3_f2.log,0.954272,0.834558,0,,0.109382
0.378350,,,,,,,,,,,,,,,,,,,,
hurricane,Pf48.bin,100x500x500,1e-3,4,1,0.16535,0.162847,0.0025032,0.00473997,0.0168248,0.00298482,0.0248165,64.802868,0.947586,67.004953,0.983262,/home/jp/git/posterization_mitigation/script/pareto_logs_cgeom_p80f1/hurricane_Pf48_bin_eb1e-3_f4.log,0.954272,0.834558,0,,0.098152
0.389580,,,,,,,,,,,,,,,,,,,,
hurricane,Pf48.bin,100x500x500,1e-3,8,1,0.146683,0.146283,0.000399913,0.00493219,0.0146736,0.0025518,0.0250131,64.802868,0.947586,67.013556,0.981767,/home/jp/git/posterization_mitigation/script/pareto_logs_cgeom_p80f1/hurricane_Pf48_bin_eb1e-3_f8.log,0.954272,0.834558,0,,0.094763
0.392969,,,,,,,,,,,,,,,,,,,,
hurricane,Pf48.bin,100x500x500,5e-3,0,3.00097,0.315406,0.161078,0.154328,0.00517698,0.0155949,0,0.0157389,50.730260,0.603833,58.782631,0.954302,/home/jp/git/posterization_mitigation/script/pareto_logs_cgeom_p80f1/hurricane_Pf48_bin_eb5e-3_f0.log,0.844879,0.41284,0,,0.119392
0.809213,,,,,,,,,,,,,,,,,,,,
hurricane,Pf48.bin,100x500x500,5e-3,2,3.00097,0.166517,0.148133,0.018384,0.00510991,0.01602,0.0047454,0.0252571,50.730260,0.603833,58.346274,0.949918,/home/jp/git/posterization_mitigation/script/pareto_logs_cgeom_p80f1/hurricane_Pf48_bin_eb5e-3_f2.log,0.844879,0.41284,0,,0.125887
0.802717,,,,,,,,,,,,,,,,,,,,
hurricane,Pf48.bin,100x500x500,5e-3,4,3.00097,0.162088,0.159726,0.0023628,0.0057094,0.0160655,0.00270509,0.0246031,50.730260,0.603833,57.538477,0.932674,/home/jp/git/posterization_mitigation/script/pareto_logs_cgeom_p80f1/hurricane_Pf48_bin_eb5e-3_f4.log,0.844879,0.41284,0,,0.114828
0.813776,,,,,,,,,,,,,,,,,,,,
hurricane,Pf48.bin,100x500x500,5e-3,8,3.00097,0.161312,0.160906,0.000406185,0.00531051,0.0161612,0.00212232,0.0242686,50.730260,0.603833,56.508707,0.882494,/home/jp/git/posterization_mitigation/script/pareto_logs_cgeom_p80f1/hurricane_Pf48_bin_eb5e-3_f8.log,0.844879,0.41284,0,,0.105307
0.823298,,,,,,,,,,,,,,,,,,,,
hurricane,Pf48.bin,100x500x500,1e-2,0,6.08353,0.309436,0.1623,0.147136,0.00567607,0.0160068,0,0.0160541,44.815110,0.385721,54.577424,0.938155,/home/jp/git/posterization_mitigation/script/pareto_logs_cgeom_p80f1/hurricane_Pf48_bin_eb1e-2_f0.log,0.786069,0.237756,0,,0.114566
0.875746,,,,,,,,,,,,,,,,,,,,
hurricane,Pf48.bin,100x500x500,1e-2,2,6.08353,0.179788,0.162249,0.0175394,0.00553875,0.0187762,0.00477591,0.0248773,44.815110,0.385721,54.127755,0.933766,/home/jp/git/posterization_mitigation/script/pareto_logs_cgeom_p80f1/hurricane_Pf48_bin_eb1e-2_f2.log,0.786069,0.237756,0,,0.119749
0.870563,,,,,,,,,,,,,,,,,,,,
hurricane,Pf48.bin,100x500x500,1e-2,4,6.08353,0.157912,0.155576,0.00233603,0.00638523,0.0146419,0.00264332,0.0248608,44.815110,0.385721,53.250547,0.916068,/home/jp/git/posterization_mitigation/script/pareto_logs_cgeom_p80f1/hurricane_Pf48_bin_eb1e-2_f4.log,0.786069,0.237756,0,,0.112805
0.877506,,,,,,,,,,,,,,,,,,,,
hurricane,Pf48.bin,100x500x500,1e-2,8,6.08353,0.162014,0.161602,0.000412787,0.00594575,0.0153894,0.00229893,0.0251868,44.815110,0.385721,51.871663,0.862520,/home/jp/git/posterization_mitigation/script/pareto_logs_cgeom_p80f1/hurricane_Pf48_bin_eb1e-2_f8.log,0.786069,0.237756,0,,0.105450
0.884862,,,,,,,,,,,,,,,,,,,,
hurricane,PRECIPf48.bin,100x500x500,1e-3,0,,,,,,,,,74.109784,0.172587,74.109784,0.172587,/home/jp/git/posterization_mitigation/script/pareto_logs_cgeom_p80f1/hurricane_PRECIPf48_bin_eb1e-3_f0.log,0.0868113,,1,Sparsity 0.0868113 < 0.1; skipping compensation,0.000000
0.000000,,,,,,,,,,,,,,,,,,,,
hurricane,PRECIPf48.bin,100x500x500,1e-3,2,,,,,,,,,74.109784,0.172587,74.109784,0.172587,/home/jp/git/posterization_mitigation/script/pareto_logs_cgeom_p80f1/hurricane_PRECIPf48_bin_eb1e-3_f2.log,0.0868113,,1,Sparsity 0.0868113 < 0.1; skipping compensation,0.000000
0.000000,,,,,,,,,,,,,,,,,,,,
hurricane,PRECIPf48.bin,100x500x500,1e-3,4,,,,,,,,,74.109784,0.172587,74.109784,0.172587,/home/jp/git/posterization_mitigation/script/pareto_logs_cgeom_p80f1/hurricane_PRECIPf48_bin_eb1e-3_f4.log,0.0868113,,1,Sparsity 0.0868113 < 0.1; skipping compensation,0.000000
0.000000,,,,,,,,,,,,,,,,,,,,
hurricane,PRECIPf48.bin,100x500x500,1e-3,8,,,,,,,,,74.109784,0.172587,74.109784,0.172587,/home/jp/git/posterization_mitigation/script/pareto_logs_cgeom_p80f1/hurricane_PRECIPf48_bin_eb1e-3_f8.log,0.0868113,,1,Sparsity 0.0868113 < 0.1; skipping compensation,0.000000
0.000000,,,,,,,,,,,,,,,,,,,,
hurricane,PRECIPf48.bin,100x500x500,5e-3,0,,,,,,,,,61.408998,0.111736,61.408998,0.111736,/home/jp/git/posterization_mitigation/script/pareto_logs_cgeom_p80f1/hurricane_PRECIPf48_bin_eb5e-3_f0.log,0.0546567,,1,Sparsity 0.0546567 < 0.1; skipping compensation,0.000000
0.000000,,,,,,,,,,,,,,,,,,,,
hurricane,PRECIPf48.bin,100x500x500,5e-3,2,,,,,,,,,61.408998,0.111736,61.408998,0.111736,/home/jp/git/posterization_mitigation/script/pareto_logs_cgeom_p80f1/hurricane_PRECIPf48_bin_eb5e-3_f2.log,0.0546567,,1,Sparsity 0.0546567 < 0.1; skipping compensation,0.000000
0.000000,,,,,,,,,,,,,,,,,,,,
hurricane,PRECIPf48.bin,100x500x500,5e-3,4,,,,,,,,,61.408998,0.111736,61.408998,0.111736,/home/jp/git/posterization_mitigation/script/pareto_logs_cgeom_p80f1/hurricane_PRECIPf48_bin_eb5e-3_f4.log,0.0546567,,1,Sparsity 0.0546567 < 0.1; skipping compensation,0.000000
0.000000,,,,,,,,,,,,,,,,,,,,
hurricane,PRECIPf48.bin,100x500x500,5e-3,8,,,,,,,,,61.408998,0.111736,61.408998,0.111736,/home/jp/git/posterization_mitigation/script/pareto_logs_cgeom_p80f1/hurricane_PRECIPf48_bin_eb5e-3_f8.log,0.0546567,,1,Sparsity 0.0546567 < 0.1; skipping compensation,0.000000
0.000000,,,,,,,,,,,,,,,,,,,,
hurricane,PRECIPf48.bin,100x500x500,1e-2,0,,,,,,,,,56.063184,0.081414,56.063184,0.081414,/home/jp/git/posterization_mitigation/script/pareto_logs_cgeom_p80f1/hurricane_PRECIPf48_bin_eb1e-2_f0.log,0.0398453,,1,Sparsity 0.0398453 < 0.1; skipping compensation,0.000000
0.000000,,,,,,,,,,,,,,,,,,,,
hurricane,PRECIPf48.bin,100x500x500,1e-2,2,,,,,,,,,56.063184,0.081414,56.063184,0.081414,/home/jp/git/posterization_mitigation/script/pareto_logs_cgeom_p80f1/hurricane_PRECIPf48_bin_eb1e-2_f2.log,0.0398453,,1,Sparsity 0.0398453 < 0.1; skipping compensation,0.000000
0.000000,,,,,,,,,,,,,,,,,,,,
hurricane,PRECIPf48.bin,100x500x500,1e-2,4,,,,,,,,,56.063184,0.081414,56.063184,0.081414,/home/jp/git/posterization_mitigation/script/pareto_logs_cgeom_p80f1/hurricane_PRECIPf48_bin_eb1e-2_f4.log,0.0398453,,1,Sparsity 0.0398453 < 0.1; skipping compensation,0.000000
0.000000,,,,,,,,,,,,,,,,,,,,
hurricane,PRECIPf48.bin,100x500x500,1e-2,8,,,,,,,,,56.063184,0.081414,56.063184,0.081414,/home/jp/git/posterization_mitigation/script/pareto_logs_cgeom_p80f1/hurricane_PRECIPf48_bin_eb1e-2_f8.log,0.0398453,,1,Sparsity 0.0398453 < 0.1; skipping compensation,0.000000
0.000000,,,,,,,,,,,,,,,,,,,,
hurricane,QCLOUDf48.bin,100x500x500,1e-3,0,,,,,,,,,79.147707,0.940891,79.147707,0.940891,/home/jp/git/posterization_mitigation/script/pareto_logs_cgeom_p80f1/hurricane_QCLOUDf48_bin_eb1e-3_f0.log,0.0342081,,1,Sparsity 0.0342081 < 0.1; skipping compensation,0.000000
0.000000,,,,,,,,,,,,,,,,,,,,
hurricane,QCLOUDf48.bin,100x500x500,1e-3,2,,,,,,,,,79.147707,0.940891,79.147707,0.940891,/home/jp/git/posterization_mitigation/script/pareto_logs_cgeom_p80f1/hurricane_QCLOUDf48_bin_eb1e-3_f2.log,0.0342081,,1,Sparsity 0.0342081 < 0.1; skipping compensation,0.000000
0.000000,,,,,,,,,,,,,,,,,,,,
hurricane,QCLOUDf48.bin,100x500x500,1e-3,4,,,,,,,,,79.147707,0.940891,79.147707,0.940891,/home/jp/git/posterization_mitigation/script/pareto_logs_cgeom_p80f1/hurricane_QCLOUDf48_bin_eb1e-3_f4.log,0.0342081,,1,Sparsity 0.0342081 < 0.1; skipping compensation,0.000000
0.000000,,,,,,,,,,,,,,,,,,,,
hurricane,QCLOUDf48.bin,100x500x500,1e-3,8,,,,,,,,,79.147707,0.940891,79.147707,0.940891,/home/jp/git/posterization_mitigation/script/pareto_logs_cgeom_p80f1/hurricane_QCLOUDf48_bin_eb1e-3_f8.log,0.0342081,,1,Sparsity 0.0342081 < 0.1; skipping compensation,0.000000
0.000000,,,,,,,,,,,,,,,,,,,,
hurricane,QCLOUDf48.bin,100x500x500,5e-3,0,,,,,,,,,65.418675,0.930278,65.418675,0.930278,/home/jp/git/posterization_mitigation/script/pareto_logs_cgeom_p80f1/hurricane_QCLOUDf48_bin_eb5e-3_f0.log,0.0306312,,1,Sparsity 0.0306312 < 0.1; skipping compensation,0.000000
0.000000,,,,,,,,,,,,,,,,,,,,
hurricane,QCLOUDf48.bin,100x500x500,5e-3,2,,,,,,,,,65.418675,0.930278,65.418675,0.930278,/home/jp/git/posterization_mitigation/script/pareto_logs_cgeom_p80f1/hurricane_QCLOUDf48_bin_eb5e-3_f2.log,0.0306312,,1,Sparsity 0.0306312 < 0.1; skipping compensation,0.000000
0.000000,,,,,,,,,,,,,,,,,,,,
hurricane,QCLOUDf48.bin,100x500x500,5e-3,4,,,,,,,,,65.418675,0.930278,65.418675,0.930278,/home/jp/git/posterization_mitigation/script/pareto_logs_cgeom_p80f1/hurricane_QCLOUDf48_bin_eb5e-3_f4.log,0.0306312,,1,Sparsity 0.0306312 < 0.1; skipping compensation,0.000000
0.000000,,,,,,,,,,,,,,,,,,,,
hurricane,QCLOUDf48.bin,100x500x500,5e-3,8,,,,,,,,,65.418675,0.930278,65.418675,0.930278,/home/jp/git/posterization_mitigation/script/pareto_logs_cgeom_p80f1/hurricane_QCLOUDf48_bin_eb5e-3_f8.log,0.0306312,,1,Sparsity 0.0306312 < 0.1; skipping compensation,0.000000
0.000000,,,,,,,,,,,,,,,,,,,,
hurricane,QCLOUDf48.bin,100x500x500,1e-2,0,,,,,,,,,59.530910,0.925183,59.530910,0.925183,/home/jp/git/posterization_mitigation/script/pareto_logs_cgeom_p80f1/hurricane_QCLOUDf48_bin_eb1e-2_f0.log,0.028222,,1,Sparsity 0.028222 < 0.1; skipping compensation,0.000000
0.000000,,,,,,,,,,,,,,,,,,,,
hurricane,QCLOUDf48.bin,100x500x500,1e-2,2,,,,,,,,,59.530910,0.925183,59.530910,0.925183,/home/jp/git/posterization_mitigation/script/pareto_logs_cgeom_p80f1/hurricane_QCLOUDf48_bin_eb1e-2_f2.log,0.028222,,1,Sparsity 0.028222 < 0.1; skipping compensation,0.000000
0.000000,,,,,,,,,,,,,,,,,,,,
hurricane,QCLOUDf48.bin,100x500x500,1e-2,4,,,,,,,,,59.530910,0.925183,59.530910,0.925183,/home/jp/git/posterization_mitigation/script/pareto_logs_cgeom_p80f1/hurricane_QCLOUDf48_bin_eb1e-2_f4.log,0.028222,,1,Sparsity 0.028222 < 0.1; skipping compensation,0.000000
0.000000,,,,,,,,,,,,,,,,,,,,
hurricane,QCLOUDf48.bin,100x500x500,1e-2,8,,,,,,,,,59.530910,0.925183,59.530910,0.925183,/home/jp/git/posterization_mitigation/script/pareto_logs_cgeom_p80f1/hurricane_QCLOUDf48_bin_eb1e-2_f8.log,0.028222,,1,Sparsity 0.028222 < 0.1; skipping compensation,0.000000
0.000000,,,,,,,,,,,,,,,,,,,,
hurricane,QGRAUPf48.bin,100x500x500,1e-3,0,,,,,,,,,78.254525,0.073380,78.254525,0.073380,/home/jp/git/posterization_mitigation/script/pareto_logs_cgeom_p80f1/hurricane_QGRAUPf48_bin_eb1e-3_f0.log,0.0331756,,1,Sparsity 0.0331756 < 0.1; skipping compensation,0.000000
0.000000,,,,,,,,,,,,,,,,,,,,
hurricane,QGRAUPf48.bin,100x500x500,1e-3,2,,,,,,,,,78.254525,0.073380,78.254525,0.073380,/home/jp/git/posterization_mitigation/script/pareto_logs_cgeom_p80f1/hurricane_QGRAUPf48_bin_eb1e-3_f2.log,0.0331756,,1,Sparsity 0.0331756 < 0.1; skipping compensation,0.000000
0.000000,,,,,,,,,,,,,,,,,,,,
hurricane,QGRAUPf48.bin,100x500x500,1e-3,4,,,,,,,,,78.254525,0.073380,78.254525,0.073380,/home/jp/git/posterization_mitigation/script/pareto_logs_cgeom_p80f1/hurricane_QGRAUPf48_bin_eb1e-3_f4.log,0.0331756,,1,Sparsity 0.0331756 < 0.1; skipping compensation,0.000000
0.000000,,,,,,,,,,,,,,,,,,,,
hurricane,QGRAUPf48.bin,100x500x500,1e-3,8,,,,,,,,,78.254525,0.073380,78.254525,0.073380,/home/jp/git/posterization_mitigation/script/pareto_logs_cgeom_p80f1/hurricane_QGRAUPf48_bin_eb1e-3_f8.log,0.0331756,,1,Sparsity 0.0331756 < 0.1; skipping compensation,0.000000
0.000000,,,,,,,,,,,,,,,,,,,,
hurricane,QGRAUPf48.bin,100x500x500,5e-3,0,,,,,,,,,65.587275,0.045637,65.587275,0.045637,/home/jp/git/posterization_mitigation/script/pareto_logs_cgeom_p80f1/hurricane_QGRAUPf48_bin_eb5e-3_f0.log,0.0202904,,1,Sparsity 0.0202904 < 0.1; skipping compensation,0.000000
0.000000,,,,,,,,,,,,,,,,,,,,
hurricane,QGRAUPf48.bin,100x500x500,5e-3,2,,,,,,,,,65.587275,0.045637,65.587275,0.045637,/home/jp/git/posterization_mitigation/script/pareto_logs_cgeom_p80f1/hurricane_QGRAUPf48_bin_eb5e-3_f2.log,0.0202904,,1,Sparsity 0.0202904 < 0.1; skipping compensation,0.000000
0.000000,,,,,,,,,,,,,,,,,,,,
hurricane,QGRAUPf48.bin,100x500x500,5e-3,4,,,,,,,,,65.587275,0.045637,65.587275,0.045637,/home/jp/git/posterization_mitigation/script/pareto_logs_cgeom_p80f1/hurricane_QGRAUPf48_bin_eb5e-3_f4.log,0.0202904,,1,Sparsity 0.0202904 < 0.1; skipping compensation,0.000000
0.000000,,,,,,,,,,,,,,,,,,,,
hurricane,QGRAUPf48.bin,100x500x500,5e-3,8,,,,,,,,,65.587275,0.045637,65.587275,0.045637,/home/jp/git/posterization_mitigation/script/pareto_logs_cgeom_p80f1/hurricane_QGRAUPf48_bin_eb5e-3_f8.log,0.0202904,,1,Sparsity 0.0202904 < 0.1; skipping compensation,0.000000
0.000000,,,,,,,,,,,,,,,,,,,,
hurricane,QGRAUPf48.bin,100x500x500,1e-2,0,,,,,,,,,60.229760,0.033109,60.229760,0.033109,/home/jp/git/posterization_mitigation/script/pareto_logs_cgeom_p80f1/hurricane_QGRAUPf48_bin_eb1e-2_f0.log,0.01413,,1,Sparsity 0.01413 < 0.1; skipping compensation,0.000000
0.000000,,,,,,,,,,,,,,,,,,,,
hurricane,QGRAUPf48.bin,100x500x500,1e-2,2,,,,,,,,,60.229760,0.033109,60.229760,0.033109,/home/jp/git/posterization_mitigation/script/pareto_logs_cgeom_p80f1/hurricane_QGRAUPf48_bin_eb1e-2_f2.log,0.01413,,1,Sparsity 0.01413 < 0.1; skipping compensation,0.000000
0.000000,,,,,,,,,,,,,,,,,,,,
hurricane,QGRAUPf48.bin,100x500x500,1e-2,4,,,,,,,,,60.229760,0.033109,60.229760,0.033109,/home/jp/git/posterization_mitigation/script/pareto_logs_cgeom_p80f1/hurricane_QGRAUPf48_bin_eb1e-2_f4.log,0.01413,,1,Sparsity 0.01413 < 0.1; skipping compensation,0.000000
0.000000,,,,,,,,,,,,,,,,,,,,
hurricane,QGRAUPf48.bin,100x500x500,1e-2,8,,,,,,,,,60.229760,0.033109,60.229760,0.033109,/home/jp/git/posterization_mitigation/script/pareto_logs_cgeom_p80f1/hurricane_QGRAUPf48_bin_eb1e-2_f8.log,0.01413,,1,Sparsity 0.01413 < 0.1; skipping compensation,0.000000
0.000000,,,,,,,,,,,,,,,,,,,,
hurricane,QICEf48.bin,100x500x500,1e-3,0,,,,,,,,,75.826787,0.943485,75.826787,0.943485,/home/jp/git/posterization_mitigation/script/pareto_logs_cgeom_p80f1/hurricane_QICEf48_bin_eb1e-3_f0.log,0.0658441,,1,Sparsity 0.0658441 < 0.1; skipping compensation,0.000000
0.000000,,,,,,,,,,,,,,,,,,,,
hurricane,QICEf48.bin,100x500x500,1e-3,2,,,,,,,,,75.826787,0.943485,75.826787,0.943485,/home/jp/git/posterization_mitigation/script/pareto_logs_cgeom_p80f1/hurricane_QICEf48_bin_eb1e-3_f2.log,0.0658441,,1,Sparsity 0.0658441 < 0.1; skipping compensation,0.000000
0.000000,,,,,,,,,,,,,,,,,,,,
hurricane,QICEf48.bin,100x500x500,1e-3,4,,,,,,,,,75.826787,0.943485,75.826787,0.943485,/home/jp/git/posterization_mitigation/script/pareto_logs_cgeom_p80f1/hurricane_QICEf48_bin_eb1e-3_f4.log,0.0658441,,1,Sparsity 0.0658441 < 0.1; skipping compensation,0.000000
0.000000,,,,,,,,,,,,,,,,,,,,
hurricane,QICEf48.bin,100x500x500,1e-3,8,,,,,,,,,75.826787,0.943485,75.826787,0.943485,/home/jp/git/posterization_mitigation/script/pareto_logs_cgeom_p80f1/hurricane_QICEf48_bin_eb1e-3_f8.log,0.0658441,,1,Sparsity 0.0658441 < 0.1; skipping compensation,0.000000
0.000000,,,,,,,,,,,,,,,,,,,,
hurricane,QICEf48.bin,100x500x500,5e-3,0,,,,,,,,,62.554833,0.900854,62.554833,0.900854,/home/jp/git/posterization_mitigation/script/pareto_logs_cgeom_p80f1/hurricane_QICEf48_bin_eb5e-3_f0.log,0.0481922,,1,Sparsity 0.0481922 < 0.1; skipping compensation,0.000000
0.000000,,,,,,,,,,,,,,,,,,,,
hurricane,QICEf48.bin,100x500x500,5e-3,2,,,,,,,,,62.554833,0.900854,62.554833,0.900854,/home/jp/git/posterization_mitigation/script/pareto_logs_cgeom_p80f1/hurricane_QICEf48_bin_eb5e-3_f2.log,0.0481922,,1,Sparsity 0.0481922 < 0.1; skipping compensation,0.000000
0.000000,,,,,,,,,,,,,,,,,,,,
hurricane,QICEf48.bin,100x500x500,5e-3,4,,,,,,,,,62.554833,0.900854,62.554833,0.900854,/home/jp/git/posterization_mitigation/script/pareto_logs_cgeom_p80f1/hurricane_QICEf48_bin_eb5e-3_f4.log,0.0481922,,1,Sparsity 0.0481922 < 0.1; skipping compensation,0.000000
0.000000,,,,,,,,,,,,,,,,,,,,
hurricane,QICEf48.bin,100x500x500,5e-3,8,,,,,,,,,62.554833,0.900854,62.554833,0.900854,/home/jp/git/posterization_mitigation/script/pareto_logs_cgeom_p80f1/hurricane_QICEf48_bin_eb5e-3_f8.log,0.0481922,,1,Sparsity 0.0481922 < 0.1; skipping compensation,0.000000
0.000000,,,,,,,,,,,,,,,,,,,,
hurricane,QICEf48.bin,100x500x500,1e-2,0,,,,,,,,,57.004798,0.877187,57.004798,0.877187,/home/jp/git/posterization_mitigation/script/pareto_logs_cgeom_p80f1/hurricane_QICEf48_bin_eb1e-2_f0.log,0.0389425,,1,Sparsity 0.0389425 < 0.1; skipping compensation,0.000000
0.000000,,,,,,,,,,,,,,,,,,,,
hurricane,QICEf48.bin,100x500x500,1e-2,2,,,,,,,,,57.004798,0.877187,57.004798,0.877187,/home/jp/git/posterization_mitigation/script/pareto_logs_cgeom_p80f1/hurricane_QICEf48_bin_eb1e-2_f2.log,0.0389425,,1,Sparsity 0.0389425 < 0.1; skipping compensation,0.000000
0.000000,,,,,,,,,,,,,,,,,,,,
hurricane,QICEf48.bin,100x500x500,1e-2,4,,,,,,,,,57.004798,0.877187,57.004798,0.877187,/home/jp/git/posterization_mitigation/script/pareto_logs_cgeom_p80f1/hurricane_QICEf48_bin_eb1e-2_f4.log,0.0389425,,1,Sparsity 0.0389425 < 0.1; skipping compensation,0.000000
0.000000,,,,,,,,,,,,,,,,,,,,
hurricane,QICEf48.bin,100x500x500,1e-2,8,,,,,,,,,57.004798,0.877187,57.004798,0.877187,/home/jp/git/posterization_mitigation/script/pareto_logs_cgeom_p80f1/hurricane_QICEf48_bin_eb1e-2_f8.log,0.0389425,,1,Sparsity 0.0389425 < 0.1; skipping compensation,0.000000
0.000000,,,,,,,,,,,,,,,,,,,,
hurricane,QRAINf48.bin,100x500x500,1e-3,0,,,,,,,,,78.322715,0.090843,78.322715,0.090843,/home/jp/git/posterization_mitigation/script/pareto_logs_cgeom_p80f1/hurricane_QRAINf48_bin_eb1e-3_f0.log,0.0355796,,1,Sparsity 0.0355796 < 0.1; skipping compensation,0.000000
0.000000,,,,,,,,,,,,,,,,,,,,
hurricane,QRAINf48.bin,100x500x500,1e-3,2,,,,,,,,,78.322715,0.090843,78.322715,0.090843,/home/jp/git/posterization_mitigation/script/pareto_logs_cgeom_p80f1/hurricane_QRAINf48_bin_eb1e-3_f2.log,0.0355796,,1,Sparsity 0.0355796 < 0.1; skipping compensation,0.000000
0.000000,,,,,,,,,,,,,,,,,,,,
hurricane,QRAINf48.bin,100x500x500,1e-3,4,,,,,,,,,78.322715,0.090843,78.322715,0.090843,/home/jp/git/posterization_mitigation/script/pareto_logs_cgeom_p80f1/hurricane_QRAINf48_bin_eb1e-3_f4.log,0.0355796,,1,Sparsity 0.0355796 < 0.1; skipping compensation,0.000000
0.000000,,,,,,,,,,,,,,,,,,,,
hurricane,QRAINf48.bin,100x500x500,1e-3,8,,,,,,,,,78.322715,0.090843,78.322715,0.090843,/home/jp/git/posterization_mitigation/script/pareto_logs_cgeom_p80f1/hurricane_QRAINf48_bin_eb1e-3_f8.log,0.0355796,,1,Sparsity 0.0355796 < 0.1; skipping compensation,0.000000
0.000000,,,,,,,,,,,,,,,,,,,,
hurricane,QRAINf48.bin,100x500x500,5e-3,0,,,,,,,,,65.246262,0.069258,65.246262,0.069258,/home/jp/git/posterization_mitigation/script/pareto_logs_cgeom_p80f1/hurricane_QRAINf48_bin_eb5e-3_f0.log,0.0254182,,1,Sparsity 0.0254182 < 0.1; skipping compensation,0.000000
0.000000,,,,,,,,,,,,,,,,,,,,
hurricane,QRAINf48.bin,100x500x500,5e-3,2,,,,,,,,,65.246262,0.069258,65.246262,0.069258,/home/jp/git/posterization_mitigation/script/pareto_logs_cgeom_p80f1/hurricane_QRAINf48_bin_eb5e-3_f2.log,0.0254182,,1,Sparsity 0.0254182 < 0.1; skipping compensation,0.000000
0.000000,,,,,,,,,,,,,,,,,,,,
hurricane,QRAINf48.bin,100x500x500,5e-3,4,,,,,,,,,65.246262,0.069258,65.246262,0.069258,/home/jp/git/posterization_mitigation/script/pareto_logs_cgeom_p80f1/hurricane_QRAINf48_bin_eb5e-3_f4.log,0.0254182,,1,Sparsity 0.0254182 < 0.1; skipping compensation,0.000000
0.000000,,,,,,,,,,,,,,,,,,,,
hurricane,QRAINf48.bin,100x500x500,5e-3,8,,,,,,,,,65.246262,0.069258,65.246262,0.069258,/home/jp/git/posterization_mitigation/script/pareto_logs_cgeom_p80f1/hurricane_QRAINf48_bin_eb5e-3_f8.log,0.0254182,,1,Sparsity 0.0254182 < 0.1; skipping compensation,0.000000
0.000000,,,,,,,,,,,,,,,,,,,,
hurricane,QRAINf48.bin,100x500x500,1e-2,0,,,,,,,,,59.713286,0.056137,59.713286,0.056137,/home/jp/git/posterization_mitigation/script/pareto_logs_cgeom_p80f1/hurricane_QRAINf48_bin_eb1e-2_f0.log,0.0201584,,1,Sparsity 0.0201584 < 0.1; skipping compensation,0.000000
0.000000,,,,,,,,,,,,,,,,,,,,
hurricane,QRAINf48.bin,100x500x500,1e-2,2,,,,,,,,,59.713286,0.056137,59.713286,0.056137,/home/jp/git/posterization_mitigation/script/pareto_logs_cgeom_p80f1/hurricane_QRAINf48_bin_eb1e-2_f2.log,0.0201584,,1,Sparsity 0.0201584 < 0.1; skipping compensation,0.000000
0.000000,,,,,,,,,,,,,,,,,,,,
hurricane,QRAINf48.bin,100x500x500,1e-2,4,,,,,,,,,59.713286,0.056137,59.713286,0.056137,/home/jp/git/posterization_mitigation/script/pareto_logs_cgeom_p80f1/hurricane_QRAINf48_bin_eb1e-2_f4.log,0.0201584,,1,Sparsity 0.0201584 < 0.1; skipping compensation,0.000000
0.000000,,,,,,,,,,,,,,,,,,,,
hurricane,QRAINf48.bin,100x500x500,1e-2,8,,,,,,,,,59.713286,0.056137,59.713286,0.056137,/home/jp/git/posterization_mitigation/script/pareto_logs_cgeom_p80f1/hurricane_QRAINf48_bin_eb1e-2_f8.log,0.0201584,,1,Sparsity 0.0201584 < 0.1; skipping compensation,0.000000
0.000000,,,,,,,,,,,,,,,,,,,,
hurricane,QSNOWf48.bin,100x500x500,1e-3,0,,,,,,,,,74.717408,0.149419,74.717408,0.149419,/home/jp/git/posterization_mitigation/script/pareto_logs_cgeom_p80f1/hurricane_QSNOWf48_bin_eb1e-3_f0.log,0.0793087,,1,Sparsity 0.0793087 < 0.1; skipping compensation,0.000000
0.000000,,,,,,,,,,,,,,,,,,,,
hurricane,QSNOWf48.bin,100x500x500,1e-3,2,,,,,,,,,74.717408,0.149419,74.717408,0.149419,/home/jp/git/posterization_mitigation/script/pareto_logs_cgeom_p80f1/hurricane_QSNOWf48_bin_eb1e-3_f2.log,0.0793087,,1,Sparsity 0.0793087 < 0.1; skipping compensation,0.000000
0.000000,,,,,,,,,,,,,,,,,,,,
hurricane,QSNOWf48.bin,100x500x500,1e-3,4,,,,,,,,,74.717408,0.149419,74.717408,0.149419,/home/jp/git/posterization_mitigation/script/pareto_logs_cgeom_p80f1/hurricane_QSNOWf48_bin_eb1e-3_f4.log,0.0793087,,1,Sparsity 0.0793087 < 0.1; skipping compensation,0.000000
0.000000,,,,,,,,,,,,,,,,,,,,
hurricane,QSNOWf48.bin,100x500x500,1e-3,8,,,,,,,,,74.717408,0.149419,74.717408,0.149419,/home/jp/git/posterization_mitigation/script/pareto_logs_cgeom_p80f1/hurricane_QSNOWf48_bin_eb1e-3_f8.log,0.0793087,,1,Sparsity 0.0793087 < 0.1; skipping compensation,0.000000
0.000000,,,,,,,,,,,,,,,,,,,,
hurricane,QSNOWf48.bin,100x500x500,5e-3,0,,,,,,,,,61.757795,0.106557,61.757795,0.106557,/home/jp/git/posterization_mitigation/script/pareto_logs_cgeom_p80f1/hurricane_QSNOWf48_bin_eb5e-3_f0.log,0.054432,,1,Sparsity 0.054432 < 0.1; skipping compensation,0.000000
0.000000,,,,,,,,,,,,,,,,,,,,
hurricane,QSNOWf48.bin,100x500x500,5e-3,2,,,,,,,,,61.757795,0.106557,61.757795,0.106557,/home/jp/git/posterization_mitigation/script/pareto_logs_cgeom_p80f1/hurricane_QSNOWf48_bin_eb5e-3_f2.log,0.054432,,1,Sparsity 0.054432 < 0.1; skipping compensation,0.000000
0.000000,,,,,,,,,,,,,,,,,,,,
hurricane,QSNOWf48.bin,100x500x500,5e-3,4,,,,,,,,,61.757795,0.106557,61.757795,0.106557,/home/jp/git/posterization_mitigation/script/pareto_logs_cgeom_p80f1/hurricane_QSNOWf48_bin_eb5e-3_f4.log,0.054432,,1,Sparsity 0.054432 < 0.1; skipping compensation,0.000000
0.000000,,,,,,,,,,,,,,,,,,,,
hurricane,QSNOWf48.bin,100x500x500,5e-3,8,,,,,,,,,61.757795,0.106557,61.757795,0.106557,/home/jp/git/posterization_mitigation/script/pareto_logs_cgeom_p80f1/hurricane_QSNOWf48_bin_eb5e-3_f8.log,0.054432,,1,Sparsity 0.054432 < 0.1; skipping compensation,0.000000
0.000000,,,,,,,,,,,,,,,,,,,,
hurricane,QSNOWf48.bin,100x500x500,1e-2,0,,,,,,,,,56.321683,0.084133,56.321683,0.084133,/home/jp/git/posterization_mitigation/script/pareto_logs_cgeom_p80f1/hurricane_QSNOWf48_bin_eb1e-2_f0.log,0.0423052,,1,Sparsity 0.0423052 < 0.1; skipping compensation,0.000000
0.000000,,,,,,,,,,,,,,,,,,,,
hurricane,QSNOWf48.bin,100x500x500,1e-2,2,,,,,,,,,56.321683,0.084133,56.321683,0.084133,/home/jp/git/posterization_mitigation/script/pareto_logs_cgeom_p80f1/hurricane_QSNOWf48_bin_eb1e-2_f2.log,0.0423052,,1,Sparsity 0.0423052 < 0.1; skipping compensation,0.000000
0.000000,,,,,,,,,,,,,,,,,,,,
hurricane,QSNOWf48.bin,100x500x500,1e-2,4,,,,,,,,,56.321683,0.084133,56.321683,0.084133,/home/jp/git/posterization_mitigation/script/pareto_logs_cgeom_p80f1/hurricane_QSNOWf48_bin_eb1e-2_f4.log,0.0423052,,1,Sparsity 0.0423052 < 0.1; skipping compensation,0.000000
0.000000,,,,,,,,,,,,,,,,,,,,
hurricane,QSNOWf48.bin,100x500x500,1e-2,8,,,,,,,,,56.321683,0.084133,56.321683,0.084133,/home/jp/git/posterization_mitigation/script/pareto_logs_cgeom_p80f1/hurricane_QSNOWf48_bin_eb1e-2_f8.log,0.0423052,,1,Sparsity 0.0423052 < 0.1; skipping compensation,0.000000
0.000000,,,,,,,,,,,,,,,,,,,,
hurricane,QVAPORf48.bin,100x500x500,1e-3,0,11.0563,0.310777,0.17398,0.136796,0.00550152,0.0137766,0,0.00790903,65.228531,0.660019,67.247672,0.700281,/home/jp/git/posterization_mitigation/script/pareto_logs_cgeom_p80f1/hurricane_QVAPORf48_bin_eb1e-3_f0.log,0.667871,0.587975,0,,0.077157
0.448831,,,,,,,,,,,,,,,,,,,,
hurricane,QVAPORf48.bin,100x500x500,1e-3,2,11.0563,0.179155,0.161898,0.0172569,0.00361653,0.0140725,0.004878,0.0250025,65.228531,0.660019,67.222036,0.699477,/home/jp/git/posterization_mitigation/script/pareto_logs_cgeom_p80f1/hurricane_QVAPORf48_bin_eb1e-3_f2.log,0.667871,0.587975,0,,0.077188
0.448800,,,,,,,,,,,,,,,,,,,,
hurricane,QVAPORf48.bin,100x500x500,1e-3,4,11.0563,0.164456,0.162051,0.0024052,0.0053659,0.0146718,0.00314479,0.0246988,65.228531,0.660019,67.204525,0.696067,/home/jp/git/posterization_mitigation/script/pareto_logs_cgeom_p80f1/hurricane_QVAPORf48_bin_eb1e-3_f4.log,0.667871,0.587975,0,,0.072611
0.453377,,,,,,,,,,,,,,,,,,,,
hurricane,QVAPORf48.bin,100x500x500,1e-3,8,11.0563,0.160791,0.160408,0.000383202,0.00337395,0.0146232,0.00265465,0.0240139,65.228531,0.660019,67.199614,0.692992,/home/jp/git/posterization_mitigation/script/pareto_logs_cgeom_p80f1/hurricane_QVAPORf48_bin_eb1e-3_f8.log,0.667871,0.587975,0,,0.069201
0.456786,,,,,,,,,,,,,,,,,,,,
hurricane,QVAPORf48.bin,100x500x500,5e-3,0,21.0119,0.289896,0.151225,0.13867,0.00513374,0.0155461,0,0.00781479,52.512682,0.516288,53.986008,0.607225,/home/jp/git/posterization_mitigation/script/pareto_logs_cgeom_p80f1/hurricane_QVAPORf48_bin_eb5e-3_f0.log,0.562332,0.426849,0,,0.410830
0.299921,,,,,,,,,,,,,,,,,,,,
hurricane,QVAPORf48.bin,100x500x500,5e-3,2,21.0119,0.212685,0.167124,0.0455607,0.00406474,0.0183351,0.00873655,0.0339946,52.512682,0.516288,53.963949,0.605766,/home/jp/git/posterization_mitigation/script/pareto_logs_cgeom_p80f1/hurricane_QVAPORf48_bin_eb5e-3_f2.log,0.562332,0.426849,0,,0.410839
0.299913,,,,,,,,,,,,,,,,,,,,
hurricane,QVAPORf48.bin,100x500x500,5e-3,4,21.0119,0.163683,0.161424,0.00225846,0.00432233,0.0155643,0.00287701,0.0241102,52.512682,0.516288,53.924507,0.601014,/home/jp/git/posterization_mitigation/script/pareto_logs_cgeom_p80f1/hurricane_QVAPORf48_bin_eb5e-3_f4.log,0.562332,0.426849,0,,0.403662
0.307089,,,,,,,,,,,,,,,,,,,,
hurricane,QVAPORf48.bin,100x500x500,5e-3,8,21.0119,0.152,0.151637,0.000363324,0.00406958,0.0154437,0.00261765,0.0239966,52.512682,0.516288,53.922459,0.583617,/home/jp/git/posterization_mitigation/script/pareto_logs_cgeom_p80f1/hurricane_QVAPORf48_bin_eb5e-3_f8.log,0.562332,0.426849,0,,0.394388
0.316364,,,,,,,,,,,,,,,,,,,,
hurricane,QVAPORf48.bin,100x500x500,1e-2,0,25.1597,0.3169,0.17367,0.14323,0.00922097,0.0180778,0,0.00781684,46.770003,0.433618,48.120833,0.564832,/home/jp/git/posterization_mitigation/script/pareto_logs_cgeom_p80f1/hurricane_QVAPORf48_bin_eb1e-2_f0.log,0.503216,0.353249,0,,0.476429
0.321486,,,,,,,,,,,,,,,,,,,,
hurricane,QVAPORf48.bin,100x500x500,1e-2,2,25.1597,0.18661,0.168614,0.0179959,0.00467964,0.0151494,0.00489183,0.0250697,46.770003,0.433618,48.105100,0.563585,/home/jp/git/posterization_mitigation/script/pareto_logs_cgeom_p80f1/hurricane_QVAPORf48_bin_eb1e-2_f2.log,0.503216,0.353249,0,,0.476499
0.321416,,,,,,,,,,,,,,,,,,,,
hurricane,QVAPORf48.bin,100x500x500,1e-2,4,25.1597,0.154155,0.151957,0.00219807,0.00465817,0.0150897,0.00288044,0.0246249,46.770003,0.433618,48.101799,0.558720,/home/jp/git/posterization_mitigation/script/pareto_logs_cgeom_p80f1/hurricane_QVAPORf48_bin_eb1e-2_f4.log,0.503216,0.353249,0,,0.470275
0.327641,,,,,,,,,,,,,,,,,,,,
hurricane,QVAPORf48.bin,100x500x500,1e-2,8,25.1597,0.177602,0.177229,0.000372412,0.00990186,0.014482,0.00241485,0.0246476,46.770003,0.433618,48.047482,0.551922,/home/jp/git/posterization_mitigation/script/pareto_logs_cgeom_p80f1/hurricane_QVAPORf48_bin_eb1e-2_f8.log,0.503216,0.353249,0,,0.464076
0.333840,,,,,,,,,,,,,,,,,,,,
hurricane,TCf48.bin,100x500x500,1e-3,0,1,0.276397,0.158116,0.11828,0.00400863,0.0161964,0,0.00779985,64.788895,0.998102,64.877928,0.998507,/home/jp/git/posterization_mitigation/script/pareto_logs_cgeom_p80f1/hurricane_TCf48_bin_eb1e-3_f0.log,0.991416,0.967983,0,,0.011486
0.025095,,,,,,,,,,,,,,,,,,,,
hurricane,TCf48.bin,100x500x500,1e-3,2,1,0.164167,0.150426,0.0137407,0.0046741,0.0155126,0.00463112,0.0258604,64.788895,0.998102,64.876167,0.998498,/home/jp/git/posterization_mitigation/script/pareto_logs_cgeom_p80f1/hurricane_TCf48_bin_eb1e-3_f2.log,0.991416,0.967983,0,,0.011563
0.025018,,,,,,,,,,,,,,,,,,,,
hurricane,TCf48.bin,100x500x500,1e-3,4,1,0.152424,0.150417,0.0020068,0.00498376,0.016342,0.00277886,0.0243266,64.788895,0.998102,64.877288,0.998503,/home/jp/git/posterization_mitigation/script/pareto_logs_cgeom_p80f1/hurricane_TCf48_bin_eb1e-3_f4.log,0.991416,0.967983,0,,0.011296
0.025285,,,,,,,,,,,,,,,,,,,,
hurricane,TCf48.bin,100x500x500,1e-3,8,1,0.166947,0.16659,0.000357344,0.00558077,0.0148262,0.00260637,0.0244011,64.788895,0.998102,64.881181,0.998514,/home/jp/git/posterization_mitigation/script/pareto_logs_cgeom_p80f1/hurricane_TCf48_bin_eb1e-3_f8.log,0.991416,0.967983,0,,0.010818
0.025762,,,,,,,,,,,,,,,,,,,,
hurricane,TCf48.bin,100x500x500,5e-3,0,1,0.31169,0.168476,0.143214,0.00478099,0.0160235,0,0.00790057,50.806895,0.963408,52.124490,0.985480,/home/jp/git/posterization_mitigation/script/pareto_logs_cgeom_p80f1/hurricane_TCf48_bin_eb5e-3_f0.log,0.957751,0.892222,0,,0.068314
0.226458,,,,,,,,,,,,,,,,,,,,
hurricane,TCf48.bin,100x500x500,5e-3,2,1,0.171097,0.152984,0.0181138,0.00708674,0.015904,0.00477439,0.0273911,50.806895,0.963408,52.110666,0.985039,/home/jp/git/posterization_mitigation/script/pareto_logs_cgeom_p80f1/hurricane_TCf48_bin_eb5e-3_f2.log,0.957751,0.892222,0,,0.068494
0.226279,,,,,,,,,,,,,,,,,,,,
hurricane,TCf48.bin,100x500x500,5e-3,4,1,0.156557,0.154116,0.00244113,0.00630969,0.0157555,0.00280451,0.0242224,50.806895,0.963408,52.096995,0.983386,/home/jp/git/posterization_mitigation/script/pareto_logs_cgeom_p80f1/hurricane_TCf48_bin_eb5e-3_f4.log,0.957751,0.892222,0,,0.061975
0.232798,,,,,,,,,,,,,,,,,,,,
hurricane,TCf48.bin,100x500x500,5e-3,8,1,0.155556,0.155164,0.000391997,0.00542077,0.0163482,0.00362798,0.0244831,50.806895,0.963408,52.078443,0.982042,/home/jp/git/posterization_mitigation/script/pareto_logs_cgeom_p80f1/hurricane_TCf48_bin_eb5e-3_f8.log,0.957751,0.892222,0,,0.056732
0.238040,,,,,,,,,,,,,,,,,,,,
hurricane,TCf48.bin,100x500x500,1e-2,0,1.0007,0.30095,0.154663,0.146286,0.00471626,0.01607,0,0.00790377,44.801048,0.899577,50.276854,0.969988,/home/jp/git/posterization_mitigation/script/pareto_logs_cgeom_p80f1/hurricane_TCf48_bin_eb1e-2_f0.log,0.920782,0.790107,0,,0.204863
0.632968,,,,,,,,,,,,,,,,,,,,
hurricane,TCf48.bin,100x500x500,1e-2,2,1.0007,0.181884,0.163125,0.0187594,0.00355189,0.0148065,0.00492052,0.0244087,44.801048,0.899577,50.176553,0.968838,/home/jp/git/posterization_mitigation/script/pareto_logs_cgeom_p80f1/hurricane_TCf48_bin_eb1e-2_f2.log,0.920782,0.790107,0,,0.206748
0.631084,,,,,,,,,,,,,,,,,,,,
hurricane,TCf48.bin,100x500x500,1e-2,4,1.0007,0.156417,0.153979,0.00243818,0.00420934,0.0156146,0.00260364,0.0242663,44.801048,0.899577,50.066579,0.964151,/home/jp/git/posterization_mitigation/script/pareto_logs_cgeom_p80f1/hurricane_TCf48_bin_eb1e-2_f4.log,0.920782,0.790107,0,,0.195936
0.641896,,,,,,,,,,,,,,,,,,,,
hurricane,TCf48.bin,100x500x500,1e-2,8,1.0007,0.154016,0.153621,0.000394503,0.00549981,0.0156751,0.00211138,0.0244988,44.801048,0.899577,50.030677,0.959001,/home/jp/git/posterization_mitigation/script/pareto_logs_cgeom_p80f1/hurricane_TCf48_bin_eb1e-2_f8.log,0.920782,0.790107,0,,0.181647
0.656185,,,,,,,,,,,,,,,,,,,,
hurricane,Uf48.bin,100x500x500,1e-3,0,1,0.270081,0.147135,0.122946,0.00301642,0.0159603,0,0.00784722,64.791495,0.995396,64.998234,0.996173,/home/jp/git/posterization_mitigation/script/pareto_logs_cgeom_p80f1/hurricane_Uf48_bin_eb1e-3_f0.log,0.988084,0.964736,0,,0.035145
0.070156,,,,,,,,,,,,,,,,,,,,
hurricane,Uf48.bin,100x500x500,1e-3,2,1,0.16745,0.151467,0.015983,0.0051674,0.0161174,0.00501328,0.0249378,64.791495,0.995396,64.992739,0.996157,/home/jp/git/posterization_mitigation/script/pareto_logs_cgeom_p80f1/hurricane_Uf48_bin_eb1e-3_f2.log,0.988084,0.964736,0,,0.035466
0.069836,,,,,,,,,,,,,,,,,,,,
hurricane,Uf48.bin,100x500x500,1e-3,4,1,0.149445,0.147003,0.00244194,0.00530773,0.0158353,0.00280745,0.0247699,64.791495,0.995396,64.999640,0.996187,/home/jp/git/posterization_mitigation/script/pareto_logs_cgeom_p80f1/hurricane_Uf48_bin_eb1e-3_f4.log,0.988084,0.964736,0,,0.034387
0.070914,,,,,,,,,,,,,,,,,,,,
hurricane,Uf48.bin,100x500x500,1e-3,8,1,0.145916,0.14548,0.000435659,0.00273306,0.0161798,0.00224889,0.0247256,64.791495,0.995396,65.024484,0.996254,/home/jp/git/posterization_mitigation/script/pareto_logs_cgeom_p80f1/hurricane_Uf48_bin_eb1e-3_f8.log,0.988084,0.964736,0,,0.032075
0.073227,,,,,,,,,,,,,,,,,,,,
hurricane,Uf48.bin,100x500x500,5e-3,0,1.00152,0.314987,0.155016,0.15997,0.0050893,0.0191517,0,0.00786191,50.812437,0.909984,54.786166,0.972670,/home/jp/git/posterization_mitigation/script/pareto_logs_cgeom_p80f1/hurricane_Uf48_bin_eb5e-3_f0.log,0.945478,0.716212,0,,0.190171
0.589060,,,,,,,,,,,,,,,,,,,,
hurricane,Uf48.bin,100x500x500,5e-3,2,1.00152,0.180413,0.159902,0.0205103,0.00819762,0.0181675,0.00464537,0.0248901,50.812437,0.909984,54.681214,0.971123,/home/jp/git/posterization_mitigation/script/pareto_logs_cgeom_p80f1/hurricane_Uf48_bin_eb5e-3_f2.log,0.945478,0.716212,0,,0.188244
0.590987,,,,,,,,,,,,,,,,,,,,
hurricane,Uf48.bin,100x500x500,5e-3,4,1.00152,0.163969,0.161417,0.00255206,0.00509908,0.0194207,0.00177552,0.024281,50.812437,0.909984,54.531708,0.965952,/home/jp/git/posterization_mitigation/script/pareto_logs_cgeom_p80f1/hurricane_Uf48_bin_eb5e-3_f4.log,0.945478,0.716212,0,,0.163481
0.615750,,,,,,,,,,,,,,,,,,,,
hurricane,Uf48.bin,100x500x500,5e-3,8,1.00152,0.159502,0.159073,0.000429308,0.00489296,0.0185766,0.00100532,0.023818,50.812437,0.909984,54.484102,0.963270,/home/jp/git/posterization_mitigation/script/pareto_logs_cgeom_p80f1/hurricane_Uf48_bin_eb5e-3_f8.log,0.945478,0.716212,0,,0.147993
0.631238,,,,,,,,,,,,,,,,,,,,
hurricane,Uf48.bin,100x500x500,1e-2,0,1.41581,0.321323,0.16125,0.160073,0.00574236,0.0226491,0,0.00790053,44.783027,0.748742,50.640798,0.928123,/home/jp/git/posterization_mitigation/script/pareto_logs_cgeom_p80f1/hurricane_Uf48_bin_eb1e-2_f0.log,0.895485,0.466417,0,,0.215723
0.737170,,,,,,,,,,,,,,,,,,,,
hurricane,Uf48.bin,100x500x500,1e-2,2,1.41581,0.184172,0.164834,0.0193371,0.00578235,0.0183163,0.00470169,0.0250251,44.783027,0.748742,50.441049,0.924963,/home/jp/git/posterization_mitigation/script/pareto_logs_cgeom_p80f1/hurricane_Uf48_bin_eb1e-2_f2.log,0.895485,0.466417,0,,0.216635
0.736257,,,,,,,,,,,,,,,,,,,,
hurricane,Uf48.bin,100x500x500,1e-2,4,1.41581,0.178038,0.175727,0.00231175,0.00837937,0.0179841,0.00474513,0.0282004,44.783027,0.748742,49.967644,0.909634,/home/jp/git/posterization_mitigation/script/pareto_logs_cgeom_p80f1/hurricane_Uf48_bin_eb1e-2_f4.log,0.895485,0.466417,0,,0.194147
0.758746,,,,,,,,,,,,,,,,,,,,
hurricane,Uf48.bin,100x500x500,1e-2,8,1.41581,0.163927,0.163505,0.000421322,0.00583554,0.0181032,0.000901284,0.0237419,44.783027,0.748742,49.377831,0.884243,/home/jp/git/posterization_mitigation/script/pareto_logs_cgeom_p80f1/hurricane_Uf48_bin_eb1e-2_f8.log,0.895485,0.466417,0,,0.174331
0.778562,,,,,,,,,,,,,,,,,,,,
hurricane,Vf48.bin,100x500x500,1e-3,0,1,0.281863,0.158238,0.123625,0.00301792,0.0165434,0,0.00780136,64.789575,0.995436,65.055370,0.996338,/home/jp/git/posterization_mitigation/script/pareto_logs_cgeom_p80f1/hurricane_Vf48_bin_eb1e-3_f0.log,0.988437,0.964618,0,,0.032030
0.070833,,,,,,,,,,,,,,,,,,,,
hurricane,Vf48.bin,100x500x500,1e-3,2,1,0.163364,0.147316,0.0160478,0.00296922,0.0157128,0.00524428,0.0249901,64.789575,0.995436,65.050688,0.996323,/home/jp/git/posterization_mitigation/script/pareto_logs_cgeom_p80f1/hurricane_Vf48_bin_eb1e-3_f2.log,0.988437,0.964618,0,,0.032308
0.070555,,,,,,,,,,,,,,,,,,,,
hurricane,Vf48.bin,100x500x500,1e-3,4,1,0.165742,0.163381,0.00236067,0.00288959,0.0160591,0.00287089,0.0239918,64.789575,0.995436,65.057679,0.996352,/home/jp/git/posterization_mitigation/script/pareto_logs_cgeom_p80f1/hurricane_Vf48_bin_eb1e-3_f4.log,0.988437,0.964618,0,,0.031168
0.071695,,,,,,,,,,,,,,,,,,,,
hurricane,Vf48.bin,100x500x500,1e-3,8,1,0.14833,0.147925,0.000404972,0.00483805,0.019526,0.0026633,0.0243919,64.789575,0.995436,65.075227,0.996405,/home/jp/git/posterization_mitigation/script/pareto_logs_cgeom_p80f1/hurricane_Vf48_bin_eb1e-3_f8.log,0.988437,0.964618,0,,0.028965
0.073898,,,,,,,,,,,,,,,,,,,,
hurricane,Vf48.bin,100x500x500,5e-3,0,1.00072,0.33695,0.163296,0.173654,0.00622551,0.0196761,0,0.00783918,50.815484,0.910867,54.868024,0.973284,/home/jp/git/posterization_mitigation/script/pareto_logs_cgeom_p80f1/hurricane_Vf48_bin_eb5e-3_f0.log,0.956578,0.716483,0,,0.181954
0.590787,,,,,,,,,,,,,,,,,,,,
hurricane,Vf48.bin,100x500x500,5e-3,2,1.00072,0.181005,0.161024,0.0199818,0.00491131,0.0189356,0.00455722,0.024935,50.815484,0.910867,54.738521,0.971534,/home/jp/git/posterization_mitigation/script/pareto_logs_cgeom_p80f1/hurricane_Vf48_bin_eb5e-3_f2.log,0.956578,0.716483,0,,0.179892
0.592850,,,,,,,,,,,,,,,,,,,,
hurricane,Vf48.bin,100x500x500,5e-3,4,1.00072,0.174253,0.171711,0.00254218,0.00472859,0.0197267,0.00189033,0.0242235,50.815484,0.910867,54.558658,0.965931,/home/jp/git/posterization_mitigation/script/pareto_logs_cgeom_p80f1/hurricane_Vf48_bin_eb5e-3_f4.log,0.956578,0.716483,0,,0.157014
0.615728,,,,,,,,,,,,,,,,,,,,
hurricane,Vf48.bin,100x500x500,5e-3,8,1.00072,0.160537,0.160101,0.000435208,0.00498674,0.0187275,0.00097995,0.0238754,50.815484,0.910867,54.511567,0.963419,/home/jp/git/posterization_mitigation/script/pareto_logs_cgeom_p80f1/hurricane_Vf48_bin_eb5e-3_f8.log,0.956578,0.716483,0,,0.143200
0.629542,,,,,,,,,,,,,,,,,,,,
hurricane,Vf48.bin,100x500x500,1e-2,0,1.41473,0.332373,0.172861,0.159512,0.00945366,0.0186313,0,0.00789361,44.776583,0.753443,50.853609,0.932288,/home/jp/git/posterization_mitigation/script/pareto_logs_cgeom_p80f1/hurricane_Vf48_bin_eb1e-2_f0.log,0.913628,0.470708,0,,0.206854
0.744851,,,,,,,,,,,,,,,,,,,,
hurricane,Vf48.bin,100x500x500,1e-2,2,1.41473,0.185314,0.165743,0.0195717,0.00622266,0.0180599,0.00467212,0.0249004,44.776583,0.753443,50.620659,0.928956,/home/jp/git/posterization_mitigation/script/pareto_logs_cgeom_p80f1/hurricane_Vf48_bin_eb1e-2_f2.log,0.913628,0.470708,0,,0.208186
0.743519,,,,,,,,,,,,,,,,,,,,
hurricane,Vf48.bin,100x500x500,1e-2,4,1.41473,0.167306,0.164862,0.00244376,0.0101481,0.0184416,0.00188997,0.0245922,44.776583,0.753443,50.069173,0.912303,/home/jp/git/posterization_mitigation/script/pareto_logs_cgeom_p80f1/hurricane_Vf48_bin_eb1e-2_f4.log,0.913628,0.470708,0,,0.185184
0.766522,,,,,,,,,,,,,,,,,,,,
hurricane,Vf48.bin,100x500x500,1e-2,8,1.41473,0.16659,0.16605,0.000539392,0.00599567,0.0180481,0.00108446,0.0242306,44.776583,0.753443,49.448366,0.886644,/home/jp/git/posterization_mitigation/script/pareto_logs_cgeom_p80f1/hurricane_Vf48_bin_eb1e-2_f8.log,0.913628,0.470708,0,,0.167513
0.784193,,,,,,,,,,,,,,,,,,,,
hurricane,Wf48.bin,100x500x500,1e-3,0,1,0.307253,0.145303,0.16195,0.00570944,0.0254085,0,0.00786874,64.814406,0.970469,64.810803,0.970887,/home/jp/git/posterization_mitigation/script/pareto_logs_cgeom_p80f1/hurricane_Wf48_bin_eb1e-3_f0.log,0.785186,0.922445,0,,0.167759
0.221902,,,,,,,,,,,,,,,,,,,,
hurricane,Wf48.bin,100x500x500,1e-3,2,1,0.168936,0.149984,0.0189522,0.00346368,0.0212763,0.00481645,0.0249747,64.814406,0.970469,64.800841,0.970783,/home/jp/git/posterization_mitigation/script/pareto_logs_cgeom_p80f1/hurricane_Wf48_bin_eb1e-3_f2.log,0.785186,0.922445,0,,0.167192
0.222469,,,,,,,,,,,,,,,,,,,,
hurricane,Wf48.bin,100x500x500,1e-3,4,1,0.150869,0.148242,0.00262766,0.00381363,0.0208302,0.00235169,0.024742,64.814406,0.970469,64.903721,0.972777,/home/jp/git/posterization_mitigation/script/pareto_logs_cgeom_p80f1/hurricane_Wf48_bin_eb1e-3_f4.log,0.785186,0.922445,0,,0.156073
0.233588,,,,,,,,,,,,,,,,,,,,
hurricane,Wf48.bin,100x500x500,1e-3,8,1,0.190746,0.190331,0.000415201,0.00545694,0.0204571,0.00139067,0.0245865,64.814406,0.970469,65.207378,0.975800,/home/jp/git/posterization_mitigation/script/pareto_logs_cgeom_p80f1/hurricane_Wf48_bin_eb1e-3_f8.log,0.785186,0.922445,0,,0.141867
0.247794,,,,,,,,,,,,,,,,,,,,
hurricane,Wf48.bin,100x500x500,5e-3,0,2.23948,0.327645,0.166199,0.161446,0.00635082,0.0211839,0,0.00782584,51.458105,0.536115,53.466478,0.631915,/home/jp/git/posterization_mitigation/script/pareto_logs_cgeom_p80f1/hurricane_Wf48_bin_eb5e-3_f0.log,0.261306,0.428402,0,,0.362125
0.560743,,,,,,,,,,,,,,,,,,,,
hurricane,Wf48.bin,100x500x500,5e-3,2,2.23948,0.198814,0.178049,0.0207657,0.00655899,0.0215831,0.00457809,0.0249774,51.458105,0.536115,53.510964,0.632551,/home/jp/git/posterization_mitigation/script/pareto_logs_cgeom_p80f1/hurricane_Wf48_bin_eb5e-3_f2.log,0.261306,0.428402,0,,0.358275
0.564592,,,,,,,,,,,,,,,,,,,,
hurricane,Wf48.bin,100x500x500,5e-3,4,2.23948,0.176359,0.173773,0.00258551,0.00750922,0.0212895,0.00160563,0.0241874,51.458105,0.536115,53.743892,0.638172,/home/jp/git/posterization_mitigation/script/pareto_logs_cgeom_p80f1/hurricane_Wf48_bin_eb5e-3_f4.log,0.261306,0.428402,0,,0.334263
0.588605,,,,,,,,,,,,,,,,,,,,
hurricane,Wf48.bin,100x500x500,5e-3,8,2.23948,0.173019,0.172583,0.00043645,0.00655345,0.02079,0.000625742,0.025648,51.458105,0.536115,54.015925,0.642850,/home/jp/git/posterization_mitigation/script/pareto_logs_cgeom_p80f1/hurricane_Wf48_bin_eb5e-3_f8.log,0.261306,0.428402,0,,0.302547
0.620321,,,,,,,,,,,,,,,,,,,,
hurricane,Wf48.bin,100x500x500,1e-2,0,,,,,,,,,47.705588,0.202627,47.705588,0.202627,/home/jp/git/posterization_mitigation/script/pareto_logs_cgeom_p80f1/hurricane_Wf48_bin_eb1e-2_f0.log,0.0831004,,1,Sparsity 0.0831004 < 0.1; skipping compensation,0.000000
0.000000,,,,,,,,,,,,,,,,,,,,
hurricane,Wf48.bin,100x500x500,1e-2,2,,,,,,,,,47.705588,0.202627,47.705588,0.202627,/home/jp/git/posterization_mitigation/script/pareto_logs_cgeom_p80f1/hurricane_Wf48_bin_eb1e-2_f2.log,0.0831004,,1,Sparsity 0.0831004 < 0.1; skipping compensation,0.000000
0.000000,,,,,,,,,,,,,,,,,,,,
hurricane,Wf48.bin,100x500x500,1e-2,4,,,,,,,,,47.705588,0.202627,47.705588,0.202627,/home/jp/git/posterization_mitigation/script/pareto_logs_cgeom_p80f1/hurricane_Wf48_bin_eb1e-2_f4.log,0.0831004,,1,Sparsity 0.0831004 < 0.1; skipping compensation,0.000000
0.000000,,,,,,,,,,,,,,,,,,,,
hurricane,Wf48.bin,100x500x500,1e-2,8,,,,,,,,,47.705588,0.202627,47.705588,0.202627,/home/jp/git/posterization_mitigation/script/pareto_logs_cgeom_p80f1/hurricane_Wf48_bin_eb1e-2_f8.log,0.0831004,,1,Sparsity 0.0831004 < 0.1; skipping compensation,0.000000
0.000000,,,,,,,,,,,,,,,,,,,,
hurricane,CLOUDf48.log10.bin,100x500x500,1e-3,0,23.0682,0.225767,0.149889,0.0758788,0.00589499,0.0129828,0,0.008546,61.773900,0.999983,61.772871,0.999983,/home/jp/git/posterization_mitigation/script/pareto_logs_cgeom_p80f1/hurricane_CLOUDf48_log10_bin_eb1e-3_f0.log,0.116307,0.160399,0,,0.000202
0.000152,,,,,,,,,,,,,,,,,,,,
hurricane,CLOUDf48.log10.bin,100x500x500,1e-3,2,23.0682,0.176808,0.168971,0.00783671,0.00497203,0.0131888,0.00521371,0.0249561,61.773900,0.999983,61.772855,0.999983,/home/jp/git/posterization_mitigation/script/pareto_logs_cgeom_p80f1/hurricane_CLOUDf48_log10_bin_eb1e-3_f2.log,0.116307,0.160399,0,,0.000202
0.000152,,,,,,,,,,,,,,,,,,,,
hurricane,CLOUDf48.log10.bin,100x500x500,1e-3,4,23.0682,0.16177,0.160441,0.00132914,0.00445876,0.0135245,0.00317533,0.0240215,61.773900,0.999983,61.772833,0.999983,/home/jp/git/posterization_mitigation/script/pareto_logs_cgeom_p80f1/hurricane_CLOUDf48_log10_bin_eb1e-3_f4.log,0.116307,0.160399,0,,0.000203
0.000151,,,,,,,,,,,,,,,,,,,,
hurricane,CLOUDf48.log10.bin,100x500x500,1e-3,8,23.0682,0.146436,0.146151,0.000284959,0.00445929,0.0135134,0.00281862,0.0244754,61.773900,0.999983,61.772802,0.999983,/home/jp/git/posterization_mitigation/script/pareto_logs_cgeom_p80f1/hurricane_CLOUDf48_log10_bin_eb1e-3_f8.log,0.116307,0.160399,0,,0.000203
0.000151,,,,,,,,,,,,,,,,,,,,
hurricane,CLOUDf48.log10.bin,100x500x500,5e-3,0,23.0682,0.258692,0.150845,0.107847,0.00436828,0.0134991,0,0.00822874,46.638497,0.999594,46.640995,0.999726,/home/jp/git/posterization_mitigation/script/pareto_logs_cgeom_p80f1/hurricane_CLOUDf48_log10_bin_eb5e-3_f0.log,0.116307,0.159232,0,,0.005125
0.008067,,,,,,,,,,,,,,,,,,,,
hurricane,CLOUDf48.log10.bin,100x500x500,5e-3,2,23.0682,0.168744,0.156946,0.0117974,0.0055156,0.0159583,0.00509753,0.0250783,46.638497,0.999594,46.640516,0.999720,/home/jp/git/posterization_mitigation/script/pareto_logs_cgeom_p80f1/hurricane_CLOUDf48_log10_bin_eb5e-3_f2.log,0.116307,0.159232,0,,0.005157
0.008035,,,,,,,,,,,,,,,,,,,,
hurricane,CLOUDf48.log10.bin,100x500x500,5e-3,4,23.0682,0.148929,0.146701,0.00222793,0.00444498,0.0142617,0.00310865,0.0255754,46.638497,0.999594,46.640790,0.999727,/home/jp/git/posterization_mitigation/script/pareto_logs_cgeom_p80f1/hurricane_CLOUDf48_log10_bin_eb5e-3_f4.log,0.116307,0.159232,0,,0.004991
0.008201,,,,,,,,,,,,,,,,,,,,
hurricane,CLOUDf48.log10.bin,100x500x500,5e-3,8,23.0682,0.153097,0.152731,0.00036594,0.0045321,0.0141013,0.00271982,0.0240885,46.638497,0.999594,46.641253,0.999730,/home/jp/git/posterization_mitigation/script/pareto_logs_cgeom_p80f1/hurricane_CLOUDf48_log10_bin_eb5e-3_f8.log,0.116307,0.159232,0,,0.004847
0.008346,,,,,,,,,,,,,,,,,,,,
hurricane,CLOUDf48.log10.bin,100x500x500,1e-2,0,23.0682,0.259377,0.142825,0.116552,0.00486909,0.014921,0,0.00783996,46.092037,0.998581,46.162729,0.999371,/home/jp/git/posterization_mitigation/script/pareto_logs_cgeom_p80f1/hurricane_CLOUDf48_log10_bin_eb1e-2_f0.log,0.116307,0.15434,0,,0.011553
0.021302,,,,,,,,,,,,,,,,,,,,
hurricane,CLOUDf48.log10.bin,100x500x500,1e-2,2,23.0682,0.156687,0.143011,0.0136757,0.00531528,0.0154872,0.00489636,0.0251256,46.092037,0.998581,46.158493,0.999342,/home/jp/git/posterization_mitigation/script/pareto_logs_cgeom_p80f1/hurricane_CLOUDf48_log10_bin_eb1e-2_f2.log,0.116307,0.15434,0,,0.011592
0.021263,,,,,,,,,,,,,,,,,,,,
hurricane,CLOUDf48.log10.bin,100x500x500,1e-2,4,23.0682,0.14457,0.1425,0.00207009,0.00455987,0.0139732,0.00304551,0.0242902,46.092037,0.998581,46.161439,0.999333,/home/jp/git/posterization_mitigation/script/pareto_logs_cgeom_p80f1/hurricane_CLOUDf48_log10_bin_eb1e-2_f4.log,0.116307,0.15434,0,,0.010887
0.021968,,,,,,,,,,,,,,,,,,,,
hurricane,CLOUDf48.log10.bin,100x500x500,1e-2,8,23.0682,0.145014,0.142942,0.0020715,0.00461102,0.0138842,0.00369966,0.030399,46.092037,0.998581,46.170042,0.999344,/home/jp/git/posterization_mitigation/script/pareto_logs_cgeom_p80f1/hurricane_CLOUDf48_log10_bin_eb1e-2_f8.log,0.116307,0.15434,0,,0.010321
0.022534,,,,,,,,,,,,,,,,,,,,
hurricane,PRECIPf48.log10.bin,100x500x500,1e-3,0,1,0.324775,0.148224,0.176552,0.00621368,0.0168842,0,0.0162273,64.766030,0.966049,65.561136,0.986133,/home/jp/git/posterization_mitigation/script/pareto_logs_cgeom_p80f1/hurricane_PRECIPf48_log10_bin_eb1e-3_f0.log,0.928428,0.884236,0,,0.090612
0.211670,,,,,,,,,,,,,,,,,,,,
hurricane,PRECIPf48.log10.bin,100x500x500,1e-3,2,1,0.171492,0.152758,0.0187341,0.00628438,0.0162093,0.00493221,0.0250076,64.766030,0.966049,65.549691,0.985795,/home/jp/git/posterization_mitigation/script/pareto_logs_cgeom_p80f1/hurricane_PRECIPf48_log10_bin_eb1e-3_f2.log,0.928428,0.884236,0,,0.090542
0.211740,,,,,,,,,,,,,,,,,,,,
hurricane,PRECIPf48.log10.bin,100x500x500,1e-3,4,1,0.151846,0.149265,0.00258106,0.00530187,0.0172186,0.00264666,0.024525,64.766030,0.966049,65.553899,0.984436,/home/jp/git/posterization_mitigation/script/pareto_logs_cgeom_p80f1/hurricane_PRECIPf48_log10_bin_eb1e-3_f4.log,0.928428,0.884236,0,,0.083877
0.218405,,,,,,,,,,,,,,,,,,,,
hurricane,PRECIPf48.log10.bin,100x500x500,1e-3,8,1,0.177516,0.177107,0.00040882,0.00489436,0.0161842,0.00199889,0.0243288,64.766030,0.966049,65.589761,0.983216,/home/jp/git/posterization_mitigation/script/pareto_logs_cgeom_p80f1/hurricane_PRECIPf48_log10_bin_eb1e-3_f8.log,0.928428,0.884236,0,,0.077416
0.224867,,,,,,,,,,,,,,,,,,,,
hurricane,PRECIPf48.log10.bin,100x500x500,5e-3,0,1.41481,0.323327,0.164703,0.158624,0.00533147,0.018682,0,0.00786637,50.823352,0.774299,53.142347,0.902851,/home/jp/git/posterization_mitigation/script/pareto_logs_cgeom_p80f1/hurricane_PRECIPf48_log10_bin_eb5e-3_f0.log,0.771619,0.602174,0,,0.195318
0.499813,,,,,,,,,,,,,,,,,,,,
hurricane,PRECIPf48.log10.bin,100x500x500,5e-3,2,1.41481,0.176124,0.156353,0.0197713,0.00540785,0.0191248,0.00465735,0.0251932,50.823352,0.774299,53.113455,0.901765,/home/jp/git/posterization_mitigation/script/pareto_logs_cgeom_p80f1/hurricane_PRECIPf48_log10_bin_eb5e-3_f2.log,0.771619,0.602174,0,,0.195688
0.499442,,,,,,,,,,,,,,,,,,,,
hurricane,PRECIPf48.log10.bin,100x500x500,5e-3,4,1.41481,0.162856,0.160243,0.00261302,0.00521223,0.0190312,0.00223251,0.0238798,50.823352,0.774299,53.128032,0.896453,/home/jp/git/posterization_mitigation/script/pareto_logs_cgeom_p80f1/hurricane_PRECIPf48_log10_bin_eb5e-3_f4.log,0.771619,0.602174,0,,0.183015
0.512115,,,,,,,,,,,,,,,,,,,,
hurricane,PRECIPf48.log10.bin,100x500x500,5e-3,8,1.41481,0.163225,0.162823,0.000402167,0.00505287,0.019117,0.00121507,0.0240278,50.823352,0.774299,53.085522,0.881210,/home/jp/git/posterization_mitigation/script/pareto_logs_cgeom_p80f1/hurricane_PRECIPf48_log10_bin_eb5e-3_f8.log,0.771619,0.602174,0,,0.168825
0.526306,,,,,,,,,,,,,,,,,,,,
hurricane,PRECIPf48.log10.bin,100x500x500,1e-2,0,3.0048,0.318337,0.159797,0.158539,0.00573791,0.0192065,0,0.00781488,45.079630,0.636999,47.628401,0.814927,/home/jp/git/posterization_mitigation/script/pareto_logs_cgeom_p80f1/hurricane_PRECIPf48_log10_bin_eb1e-2_f0.log,0.634341,0.447292,0,,0.251070
0.561207,,,,,,,,,,,,,,,,,,,,
hurricane,PRECIPf48.log10.bin,100x500x500,1e-2,2,3.0048,0.185322,0.165313,0.020009,0.00618267,0.0198823,0.00462554,0.0244868,45.079630,0.636999,47.629333,0.815013,/home/jp/git/posterization_mitigation/script/pareto_logs_cgeom_p80f1/hurricane_PRECIPf48_log10_bin_eb1e-2_f2.log,0.634341,0.447292,0,,0.249749
0.562528,,,,,,,,,,,,,,,,,,,,
hurricane,PRECIPf48.log10.bin,100x500x500,1e-2,4,3.0048,0.174459,0.171939,0.00252011,0.00612732,0.022793,0.00195506,0.0245005,45.079630,0.636999,47.780967,0.811881,/home/jp/git/posterization_mitigation/script/pareto_logs_cgeom_p80f1/hurricane_PRECIPf48_log10_bin_eb1e-2_f4.log,0.634341,0.447292,0,,0.233786
0.578490,,,,,,,,,,,,,,,,,,,,
hurricane,PRECIPf48.log10.bin,100x500x500,1e-2,8,3.0048,0.163503,0.163093,0.00040948,0.00618721,0.0194665,0.00114543,0.0237769,45.079630,0.636999,47.787617,0.796011,/home/jp/git/posterization_mitigation/script/pareto_logs_cgeom_p80f1/hurricane_PRECIPf48_log10_bin_eb1e-2_f8.log,0.634341,0.447292,0,,0.215868
0.596408,,,,,,,,,,,,,,,,,,,,
hurricane,QCLOUDf48.log10.bin,100x500x500,1e-3,0,,,,,,,,,64.617200,0.999973,64.617200,0.999973,/home/jp/git/posterization_mitigation/script/pareto_logs_cgeom_p80f1/hurricane_QCLOUDf48_log10_bin_eb1e-3_f0.log,0.0502928,,1,Sparsity 0.0502928 < 0.1; skipping compensation,0.000000
0.000000,,,,,,,,,,,,,,,,,,,,
hurricane,QCLOUDf48.log10.bin,100x500x500,1e-3,2,,,,,,,,,64.617200,0.999973,64.617200,0.999973,/home/jp/git/posterization_mitigation/script/pareto_logs_cgeom_p80f1/hurricane_QCLOUDf48_log10_bin_eb1e-3_f2.log,0.0502928,,1,Sparsity 0.0502928 < 0.1; skipping compensation,0.000000
0.000000,,,,,,,,,,,,,,,,,,,,
hurricane,QCLOUDf48.log10.bin,100x500x500,1e-3,4,,,,,,,,,64.617200,0.999973,64.617200,0.999973,/home/jp/git/posterization_mitigation/script/pareto_logs_cgeom_p80f1/hurricane_QCLOUDf48_log10_bin_eb1e-3_f4.log,0.0502928,,1,Sparsity 0.0502928 < 0.1; skipping compensation,0.000000
0.000000,,,,,,,,,,,,,,,,,,,,
hurricane,QCLOUDf48.log10.bin,100x500x500,1e-3,8,,,,,,,,,64.617200,0.999973,64.617200,0.999973,/home/jp/git/posterization_mitigation/script/pareto_logs_cgeom_p80f1/hurricane_QCLOUDf48_log10_bin_eb1e-3_f8.log,0.0502928,,1,Sparsity 0.0502928 < 0.1; skipping compensation,0.000000
0.000000,,,,,,,,,,,,,,,,,,,,
hurricane,QCLOUDf48.log10.bin,100x500x500,5e-3,0,,,,,,,,,49.403126,0.999516,49.403126,0.999516,/home/jp/git/posterization_mitigation/script/pareto_logs_cgeom_p80f1/hurricane_QCLOUDf48_log10_bin_eb5e-3_f0.log,0.0502928,,1,Sparsity 0.0502928 < 0.1; skipping compensation,0.000000
0.000000,,,,,,,,,,,,,,,,,,,,
hurricane,QCLOUDf48.log10.bin,100x500x500,5e-3,2,,,,,,,,,49.403126,0.999516,49.403126,0.999516,/home/jp/git/posterization_mitigation/script/pareto_logs_cgeom_p80f1/hurricane_QCLOUDf48_log10_bin_eb5e-3_f2.log,0.0502928,,1,Sparsity 0.0502928 < 0.1; skipping compensation,0.000000
0.000000,,,,,,,,,,,,,,,,,,,,
hurricane,QCLOUDf48.log10.bin,100x500x500,5e-3,4,,,,,,,,,49.403126,0.999516,49.403126,0.999516,/home/jp/git/posterization_mitigation/script/pareto_logs_cgeom_p80f1/hurricane_QCLOUDf48_log10_bin_eb5e-3_f4.log,0.0502928,,1,Sparsity 0.0502928 < 0.1; skipping compensation,0.000000
0.000000,,,,,,,,,,,,,,,,,,,,
hurricane,QCLOUDf48.log10.bin,100x500x500,5e-3,8,,,,,,,,,49.403126,0.999516,49.403126,0.999516,/home/jp/git/posterization_mitigation/script/pareto_logs_cgeom_p80f1/hurricane_QCLOUDf48_log10_bin_eb5e-3_f8.log,0.0502928,,1,Sparsity 0.0502928 < 0.1; skipping compensation,0.000000
0.000000,,,,,,,,,,,,,,,,,,,,
hurricane,QCLOUDf48.log10.bin,100x500x500,1e-2,0,,,,,,,,,48.952024,0.998698,48.952024,0.998698,/home/jp/git/posterization_mitigation/script/pareto_logs_cgeom_p80f1/hurricane_QCLOUDf48_log10_bin_eb1e-2_f0.log,0.0502927,,1,Sparsity 0.0502927 < 0.1; skipping compensation,0.000000
0.000000,,,,,,,,,,,,,,,,,,,,
hurricane,QCLOUDf48.log10.bin,100x500x500,1e-2,2,,,,,,,,,48.952024,0.998698,48.952024,0.998698,/home/jp/git/posterization_mitigation/script/pareto_logs_cgeom_p80f1/hurricane_QCLOUDf48_log10_bin_eb1e-2_f2.log,0.0502927,,1,Sparsity 0.0502927 < 0.1; skipping compensation,0.000000
0.000000,,,,,,,,,,,,,,,,,,,,
hurricane,QCLOUDf48.log10.bin,100x500x500,1e-2,4,,,,,,,,,48.952024,0.998698,48.952024,0.998698,/home/jp/git/posterization_mitigation/script/pareto_logs_cgeom_p80f1/hurricane_QCLOUDf48_log10_bin_eb1e-2_f4.log,0.0502927,,1,Sparsity 0.0502927 < 0.1; skipping compensation,0.000000
0.000000,,,,,,,,,,,,,,,,,,,,
hurricane,QCLOUDf48.log10.bin,100x500x500,1e-2,8,,,,,,,,,48.952024,0.998698,48.952024,0.998698,/home/jp/git/posterization_mitigation/script/pareto_logs_cgeom_p80f1/hurricane_QCLOUDf48_log10_bin_eb1e-2_f8.log,0.0502927,,1,Sparsity 0.0502927 < 0.1; skipping compensation,0.000000
0.000000,,,,,,,,,,,,,,,,,,,,
hurricane,QGRAUPf48.log10.bin,100x500x500,1e-3,0,1,0.294498,0.152479,0.142019,0.00351643,0.0160443,0,0.00779276,64.943399,0.978489,65.673960,0.991117,/home/jp/git/posterization_mitigation/script/pareto_logs_cgeom_p80f1/hurricane_QGRAUPf48_log10_bin_eb1e-3_f0.log,0.951214,0.905615,0,,0.068780
0.169645,,,,,,,,,,,,,,,,,,,,
hurricane,QGRAUPf48.log10.bin,100x500x500,1e-3,2,1,0.179139,0.161091,0.0180482,0.00605543,0.016442,0.00486537,0.0251212,64.943399,0.978489,65.662895,0.990882,/home/jp/git/posterization_mitigation/script/pareto_logs_cgeom_p80f1/hurricane_QGRAUPf48_log10_bin_eb1e-3_f2.log,0.951214,0.905615,0,,0.068699
0.169727,,,,,,,,,,,,,,,,,,,,
hurricane,QGRAUPf48.log10.bin,100x500x500,1e-3,4,1,0.15193,0.149501,0.00242966,0.00316367,0.0158981,0.0028317,0.0243065,64.943399,0.978489,65.665055,0.990175,/home/jp/git/posterization_mitigation/script/pareto_logs_cgeom_p80f1/hurricane_QGRAUPf48_log10_bin_eb1e-3_f4.log,0.951214,0.905615,0,,0.062838
0.175587,,,,,,,,,,,,,,,,,,,,
hurricane,QGRAUPf48.log10.bin,100x500x500,1e-3,8,1,0.14944,0.149035,0.000404421,0.0074219,0.016221,0.00207258,0.0243305,64.943399,0.978489,65.686510,0.989704,/home/jp/git/posterization_mitigation/script/pareto_logs_cgeom_p80f1/hurricane_QGRAUPf48_log10_bin_eb1e-3_f8.log,0.951214,0.905615,0,,0.057538
0.180888,,,,,,,,,,,,,,,,,,,,
hurricane,QGRAUPf48.log10.bin,100x500x500,5e-3,0,1.0022,0.323517,0.159071,0.164446,0.00504885,0.0185656,0,0.00787075,50.999884,0.826125,53.246334,0.927924,/home/jp/git/posterization_mitigation/script/pareto_logs_cgeom_p80f1/hurricane_QGRAUPf48_log10_bin_eb5e-3_f0.log,0.827681,0.659681,0,,0.162372
0.463190,,,,,,,,,,,,,,,,,,,,
hurricane,QGRAUPf48.log10.bin,100x500x500,5e-3,2,1.0022,0.179668,0.160128,0.0195408,0.00509378,0.0188568,0.00472098,0.024957,50.999884,0.826125,53.217577,0.926677,/home/jp/git/posterization_mitigation/script/pareto_logs_cgeom_p80f1/hurricane_QGRAUPf48_log10_bin_eb5e-3_f2.log,0.827681,0.659681,0,,0.162584
0.462978,,,,,,,,,,,,,,,,,,,,
hurricane,QGRAUPf48.log10.bin,100x500x500,5e-3,4,1.0022,0.169064,0.166581,0.0024827,0.00517468,0.0182441,0.00226111,0.0248675,50.999884,0.826125,53.172289,0.920865,/home/jp/git/posterization_mitigation/script/pareto_logs_cgeom_p80f1/hurricane_QGRAUPf48_log10_bin_eb5e-3_f4.log,0.827681,0.659681,0,,0.152884
0.472678,,,,,,,,,,,,,,,,,,,,
hurricane,QGRAUPf48.log10.bin,100x500x500,5e-3,8,1.0022,0.161571,0.161128,0.000442351,0.00519732,0.0187511,0.00127303,0.0237638,50.999884,0.826125,53.089234,0.907398,/home/jp/git/posterization_mitigation/script/pareto_logs_cgeom_p80f1/hurricane_QGRAUPf48_log10_bin_eb5e-3_f8.log,0.827681,0.659681,0,,0.141330
0.484232,,,,,,,,,,,,,,,,,,,,
hurricane,QGRAUPf48.log10.bin,100x500x500,1e-2,0,2.45531,0.362875,0.201286,0.161589,0.00518714,0.0189791,0,0.00813812,44.927197,0.682216,47.156343,0.849177,/home/jp/git/posterization_mitigation/script/pareto_logs_cgeom_p80f1/hurricane_QGRAUPf48_log10_bin_eb1e-2_f0.log,0.660631,0.510931,0,,0.257848
0.500721,,,,,,,,,,,,,,,,,,,,
hurricane,QGRAUPf48.log10.bin,100x500x500,1e-2,2,2.45531,0.18702,0.167548,0.0194715,0.00543961,0.0190809,0.00449861,0.0253058,44.927197,0.682216,47.137585,0.848117,/home/jp/git/posterization_mitigation/script/pareto_logs_cgeom_p80f1/hurricane_QGRAUPf48_log10_bin_eb1e-2_f2.log,0.660631,0.510931,0,,0.257356
0.501212,,,,,,,,,,,,,,,,,,,,
hurricane,QGRAUPf48.log10.bin,100x500x500,1e-2,4,2.45531,0.164579,0.162042,0.00253709,0.00554104,0.0187576,0.00211982,0.0245499,44.927197,0.682216,47.209909,0.841577,/home/jp/git/posterization_mitigation/script/pareto_logs_cgeom_p80f1/hurricane_QGRAUPf48_log10_bin_eb1e-2_f4.log,0.660631,0.510931,0,,0.244400
0.514169,,,,,,,,,,,,,,,,,,,,
hurricane,QGRAUPf48.log10.bin,100x500x500,1e-2,8,2.45531,0.164051,0.163646,0.000404792,0.00832784,0.0181094,0.00112646,0.0245686,44.927197,0.682216,47.250976,0.819450,/home/jp/git/posterization_mitigation/script/pareto_logs_cgeom_p80f1/hurricane_QGRAUPf48_log10_bin_eb1e-2_f8.log,0.660631,0.510931,0,,0.227006
0.531563,,,,,,,,,,,,,,,,,,,,
hurricane,QICEf48.log10.bin,100x500x500,1e-3,0,,,,,,,,,66.669550,0.999953,66.669550,0.999953,/home/jp/git/posterization_mitigation/script/pareto_logs_cgeom_p80f1/hurricane_QICEf48_log10_bin_eb1e-3_f0.log,0.0935126,,1,Sparsity 0.0935126 < 0.1; skipping compensation,0.000000
0.000000,,,,,,,,,,,,,,,,,,,,
hurricane,QICEf48.log10.bin,100x500x500,1e-3,2,,,,,,,,,66.669550,0.999953,66.669550,0.999953,/home/jp/git/posterization_mitigation/script/pareto_logs_cgeom_p80f1/hurricane_QICEf48_log10_bin_eb1e-3_f2.log,0.0935126,,1,Sparsity 0.0935126 < 0.1; skipping compensation,0.000000
0.000000,,,,,,,,,,,,,,,,,,,,
hurricane,QICEf48.log10.bin,100x500x500,1e-3,4,,,,,,,,,66.669550,0.999953,66.669550,0.999953,/home/jp/git/posterization_mitigation/script/pareto_logs_cgeom_p80f1/hurricane_QICEf48_log10_bin_eb1e-3_f4.log,0.0935126,,1,Sparsity 0.0935126 < 0.1; skipping compensation,0.000000
0.000000,,,,,,,,,,,,,,,,,,,,
hurricane,QICEf48.log10.bin,100x500x500,1e-3,8,,,,,,,,,66.669550,0.999953,66.669550,0.999953,/home/jp/git/posterization_mitigation/script/pareto_logs_cgeom_p80f1/hurricane_QICEf48_log10_bin_eb1e-3_f8.log,0.0935126,,1,Sparsity 0.0935126 < 0.1; skipping compensation,0.000000
0.000000,,,,,,,,,,,,,,,,,,,,
hurricane,QICEf48.log10.bin,100x500x500,5e-3,0,,,,,,,,,47.273350,0.998961,47.273350,0.998961,/home/jp/git/posterization_mitigation/script/pareto_logs_cgeom_p80f1/hurricane_QICEf48_log10_bin_eb5e-3_f0.log,0.0935126,,1,Sparsity 0.0935126 < 0.1; skipping compensation,0.000000
0.000000,,,,,,,,,,,,,,,,,,,,
hurricane,QICEf48.log10.bin,100x500x500,5e-3,2,,,,,,,,,47.273350,0.998961,47.273350,0.998961,/home/jp/git/posterization_mitigation/script/pareto_logs_cgeom_p80f1/hurricane_QICEf48_log10_bin_eb5e-3_f2.log,0.0935126,,1,Sparsity 0.0935126 < 0.1; skipping compensation,0.000000
0.000000,,,,,,,,,,,,,,,,,,,,
hurricane,QICEf48.log10.bin,100x500x500,5e-3,4,,,,,,,,,47.273350,0.998961,47.273350,0.998961,/home/jp/git/posterization_mitigation/script/pareto_logs_cgeom_p80f1/hurricane_QICEf48_log10_bin_eb5e-3_f4.log,0.0935126,,1,Sparsity 0.0935126 < 0.1; skipping compensation,0.000000
0.000000,,,,,,,,,,,,,,,,,,,,
hurricane,QICEf48.log10.bin,100x500x500,5e-3,8,,,,,,,,,47.273350,0.998961,47.273350,0.998961,/home/jp/git/posterization_mitigation/script/pareto_logs_cgeom_p80f1/hurricane_QICEf48_log10_bin_eb5e-3_f8.log,0.0935126,,1,Sparsity 0.0935126 < 0.1; skipping compensation,0.000000
0.000000,,,,,,,,,,,,,,,,,,,,
hurricane,QICEf48.log10.bin,100x500x500,1e-2,0,,,,,,,,,46.761185,0.996765,46.761185,0.996765,/home/jp/git/posterization_mitigation/script/pareto_logs_cgeom_p80f1/hurricane_QICEf48_log10_bin_eb1e-2_f0.log,0.0935125,,1,Sparsity 0.0935125 < 0.1; skipping compensation,0.000000
0.000000,,,,,,,,,,,,,,,,,,,,
hurricane,QICEf48.log10.bin,100x500x500,1e-2,2,,,,,,,,,46.761185,0.996765,46.761185,0.996765,/home/jp/git/posterization_mitigation/script/pareto_logs_cgeom_p80f1/hurricane_QICEf48_log10_bin_eb1e-2_f2.log,0.0935125,,1,Sparsity 0.0935125 < 0.1; skipping compensation,0.000000
0.000000,,,,,,,,,,,,,,,,,,,,
hurricane,QICEf48.log10.bin,100x500x500,1e-2,4,,,,,,,,,46.761185,0.996765,46.761185,0.996765,/home/jp/git/posterization_mitigation/script/pareto_logs_cgeom_p80f1/hurricane_QICEf48_log10_bin_eb1e-2_f4.log,0.0935125,,1,Sparsity 0.0935125 < 0.1; skipping compensation,0.000000
0.000000,,,,,,,,,,,,,,,,,,,,
hurricane,QICEf48.log10.bin,100x500x500,1e-2,8,,,,,,,,,46.761185,0.996765,46.761185,0.996765,/home/jp/git/posterization_mitigation/script/pareto_logs_cgeom_p80f1/hurricane_QICEf48_log10_bin_eb1e-2_f8.log,0.0935125,,1,Sparsity 0.0935125 < 0.1; skipping compensation,0.000000
0.000000,,,,,,,,,,,,,,,,,,,,
hurricane,QRAINf48.log10.bin,100x500x500,1e-3,0,1,0.329339,0.171482,0.157856,0.0054125,0.015934,0,0.0146258,64.847768,0.963809,65.592324,0.986535,/home/jp/git/posterization_mitigation/script/pareto_logs_cgeom_p80f1/hurricane_QRAINf48_log10_bin_eb1e-3_f0.log,0.9384,0.885182,0,,0.065289
0.172453,,,,,,,,,,,,,,,,,,,,
hurricane,QRAINf48.log10.bin,100x500x500,1e-3,2,1,0.186471,0.167455,0.0190157,0.00535531,0.0164058,0.00491344,0.0249245,64.847768,0.963809,65.581529,0.986149,/home/jp/git/posterization_mitigation/script/pareto_logs_cgeom_p80f1/hurricane_QRAINf48_log10_bin_eb1e-3_f2.log,0.9384,0.885182,0,,0.065309
0.172435,,,,,,,,,,,,,,,,,,,,
hurricane,QRAINf48.log10.bin,100x500x500,1e-3,4,1,0.152061,0.149665,0.00239648,0.00564668,0.016068,0.00276086,0.0245786,64.847768,0.963809,65.569250,0.984448,/home/jp/git/posterization_mitigation/script/pareto_logs_cgeom_p80f1/hurricane_QRAINf48_log10_bin_eb1e-3_f4.log,0.9384,0.885182,0,,0.060592
0.177152,,,,,,,,,,,,,,,,,,,,
hurricane,QRAINf48.log10.bin,100x500x500,1e-3,8,1,0.185745,0.185373,0.000372061,0.00353361,0.0194721,0.00192347,0.0250555,64.847768,0.963809,65.561929,0.982013,/home/jp/git/posterization_mitigation/script/pareto_logs_cgeom_p80f1/hurricane_QRAINf48_log10_bin_eb1e-3_f8.log,0.9384,0.885182,0,,0.055836
0.181908,,,,,,,,,,,,,,,,,,,,
hurricane,QRAINf48.log10.bin,100x500x500,5e-3,0,1.00265,0.318502,0.165227,0.153275,0.0049808,0.0187855,0,0.00783859,50.869996,0.811544,52.747089,0.911022,/home/jp/git/posterization_mitigation/script/pareto_logs_cgeom_p80f1/hurricane_QRAINf48_log10_bin_eb5e-3_f0.log,0.832831,0.666823,0,,0.168590
0.426925,,,,,,,,,,,,,,,,,,,,
hurricane,QRAINf48.log10.bin,100x500x500,5e-3,2,1.00265,0.202363,0.183045,0.0193186,0.00580798,0.0188513,0.00457416,0.0248982,50.869996,0.811544,52.723866,0.909898,/home/jp/git/posterization_mitigation/script/pareto_logs_cgeom_p80f1/hurricane_QRAINf48_log10_bin_eb5e-3_f2.log,0.832831,0.666823,0,,0.168949
0.426567,,,,,,,,,,,,,,,,,,,,
hurricane,QRAINf48.log10.bin,100x500x500,5e-3,4,1.00265,0.190874,0.188277,0.00259646,0.00510597,0.018289,0.00228695,0.0247836,50.869996,0.811544,52.701914,0.904593,/home/jp/git/posterization_mitigation/script/pareto_logs_cgeom_p80f1/hurricane_QRAINf48_log10_bin_eb5e-3_f4.log,0.832831,0.666823,0,,0.159829
0.435686,,,,,,,,,,,,,,,,,,,,
hurricane,QRAINf48.log10.bin,100x500x500,5e-3,8,1.00265,0.159231,0.158794,0.000437121,0.00530743,0.017944,0.00139775,0.0245074,50.869996,0.811544,52.694784,0.894333,/home/jp/git/posterization_mitigation/script/pareto_logs_cgeom_p80f1/hurricane_QRAINf48_log10_bin_eb5e-3_f8.log,0.832831,0.666823,0,,0.149389
0.446127,,,,,,,,,,,,,,,,,,,,
hurricane,QRAINf48.log10.bin,100x500x500,1e-2,0,2.45465,0.317265,0.163893,0.153372,0.0079629,0.0190616,0,0.00785455,44.930531,0.698337,46.930569,0.857303,/home/jp/git/posterization_mitigation/script/pareto_logs_cgeom_p80f1/hurricane_QRAINf48_log10_bin_eb1e-2_f0.log,0.683835,0.53396,0,,0.249843
0.467905,,,,,,,,,,,,,,,,,,,,
hurricane,QRAINf48.log10.bin,100x500x500,1e-2,2,2.45465,0.195866,0.1757,0.0201665,0.00558097,0.0196433,0.00466629,0.0249388,44.930531,0.698337,46.909825,0.856340,/home/jp/git/posterization_mitigation/script/pareto_logs_cgeom_p80f1/hurricane_QRAINf48_log10_bin_eb1e-2_f2.log,0.683835,0.53396,0,,0.249932
0.467817,,,,,,,,,,,,,,,,,,,,
hurricane,QRAINf48.log10.bin,100x500x500,1e-2,4,2.45465,0.164331,0.161675,0.00265621,0.0053643,0.0198248,0.00208625,0.0245262,44.930531,0.698337,46.980845,0.851256,/home/jp/git/posterization_mitigation/script/pareto_logs_cgeom_p80f1/hurricane_QRAINf48_log10_bin_eb1e-2_f4.log,0.683835,0.53396,0,,0.238355
0.479393,,,,,,,,,,,,,,,,,,,,
hurricane,QRAINf48.log10.bin,100x500x500,1e-2,8,2.45465,0.161064,0.160626,0.000438013,0.00548553,0.0195885,0.00120272,0.0243686,44.930531,0.698337,47.051953,0.833386,/home/jp/git/posterization_mitigation/script/pareto_logs_cgeom_p80f1/hurricane_QRAINf48_log10_bin_eb1e-2_f8.log,0.683835,0.53396,0,,0.223523
0.494225,,,,,,,,,,,,,,,,,,,,
hurricane,QSNOWf48.log10.bin,100x500x500,1e-3,0,1,0.292572,0.15268,0.139891,0.00467082,0.0192651,0,0.00784307,64.898184,0.975831,65.563259,0.989813,/home/jp/git/posterization_mitigation/script/pareto_logs_cgeom_p80f1/hurricane_QSNOWf48_log10_bin_eb1e-3_f0.log,0.953238,0.905874,0,,0.067252
0.166621,,,,,,,,,,,,,,,,,,,,
hurricane,QSNOWf48.log10.bin,100x500x500,1e-3,2,1,0.168102,0.150075,0.0180271,0.00548446,0.0161148,0.00492173,0.0248608,64.898184,0.975831,65.554050,0.989597,/home/jp/git/posterization_mitigation/script/pareto_logs_cgeom_p80f1/hurricane_QSNOWf48_log10_bin_eb1e-3_f2.log,0.953238,0.905874,0,,0.067266
0.166607,,,,,,,,,,,,,,,,,,,,
hurricane,QSNOWf48.log10.bin,100x500x500,1e-3,4,1,0.155608,0.153141,0.00246692,0.00336055,0.0170697,0.002771,0.0239636,64.898184,0.975831,65.554806,0.988777,/home/jp/git/posterization_mitigation/script/pareto_logs_cgeom_p80f1/hurricane_QSNOWf48_log10_bin_eb1e-3_f4.log,0.953238,0.905874,0,,0.062766
0.171108,,,,,,,,,,,,,,,,,,,,
hurricane,QSNOWf48.log10.bin,100x500x500,1e-3,8,1,0.155232,0.154845,0.000387058,0.00354106,0.0162248,0.00219441,0.0237285,64.898184,0.975831,65.567521,0.987780,/home/jp/git/posterization_mitigation/script/pareto_logs_cgeom_p80f1/hurricane_QSNOWf48_log10_bin_eb1e-3_f8.log,0.953238,0.905874,0,,0.057773
0.176100,,,,,,,,,,,,,,,,,,,,
hurricane,QSNOWf48.log10.bin,100x500x500,5e-3,0,1.00216,0.333415,0.166012,0.167404,0.00508562,0.0226742,0,0.00786969,51.010230,0.827444,53.088460,0.925300,/home/jp/git/posterization_mitigation/script/pareto_logs_cgeom_p80f1/hurricane_QSNOWf48_log10_bin_eb5e-3_f0.log,0.807262,0.656921,0,,0.183194
0.465697,,,,,,,,,,,,,,,,,,,,
hurricane,QSNOWf48.log10.bin,100x500x500,5e-3,2,1.00216,0.174603,0.154992,0.0196115,0.00499944,0.0184885,0.00464109,0.0248298,51.010230,0.827444,53.067280,0.924277,/home/jp/git/posterization_mitigation/script/pareto_logs_cgeom_p80f1/hurricane_QSNOWf48_log10_bin_eb5e-3_f2.log,0.807262,0.656921,0,,0.182818
0.466073,,,,,,,,,,,,,,,,,,,,
hurricane,QSNOWf48.log10.bin,100x500x500,5e-3,4,1.00216,0.161326,0.158826,0.0025003,0.00834972,0.0188512,0.00220904,0.0254497,51.010230,0.827444,53.056036,0.918916,/home/jp/git/posterization_mitigation/script/pareto_logs_cgeom_p80f1/hurricane_QSNOWf48_log10_bin_eb5e-3_f4.log,0.807262,0.656921,0,,0.171027
0.477864,,,,,,,,,,,,,,,,,,,,
hurricane,QSNOWf48.log10.bin,100x500x500,5e-3,8,1.00216,0.159716,0.159321,0.000395023,0.00586683,0.0189842,0.00123041,0.0243154,51.010230,0.827444,53.059756,0.908401,/home/jp/git/posterization_mitigation/script/pareto_logs_cgeom_p80f1/hurricane_QSNOWf48_log10_bin_eb5e-3_f8.log,0.807262,0.656921,0,,0.159356
0.489535,,,,,,,,,,,,,,,,,,,,
hurricane,QSNOWf48.log10.bin,100x500x500,1e-2,0,3.0032,0.340837,0.17993,0.160908,0.00624756,0.0183728,0,0.00786486,44.769350,0.683825,46.104091,0.830337,/home/jp/git/posterization_mitigation/script/pareto_logs_cgeom_p80f1/hurricane_QSNOWf48_log10_bin_eb1e-2_f0.log,0.657734,0.484282,0,,0.328962
0.453678,,,,,,,,,,,,,,,,,,,,
hurricane,QSNOWf48.log10.bin,100x500x500,1e-2,2,3.0032,0.182912,0.162602,0.0203103,0.00619526,0.0193509,0.00466,0.0251561,44.769350,0.683825,46.107741,0.830146,/home/jp/git/posterization_mitigation/script/pareto_logs_cgeom_p80f1/hurricane_QSNOWf48_log10_bin_eb1e-2_f2.log,0.657734,0.484282,0,,0.328080
0.454559,,,,,,,,,,,,,,,,,,,,
hurricane,QSNOWf48.log10.bin,100x500x500,1e-2,4,3.0032,0.162159,0.158717,0.00344225,0.0095926,0.0229279,0.00258672,0.0246477,44.769350,0.683825,46.231387,0.826720,/home/jp/git/posterization_mitigation/script/pareto_logs_cgeom_p80f1/hurricane_QSNOWf48_log10_bin_eb1e-2_f4.log,0.657734,0.484282,0,,0.312651
0.469988,,,,,,,,,,,,,,,,,,,,
hurricane,QSNOWf48.log10.bin,100x500x500,1e-2,8,3.0032,0.16803,0.167609,0.000420892,0.00593255,0.0183916,0.00121232,0.0247628,44.769350,0.683825,46.344459,0.813426,/home/jp/git/posterization_mitigation/script/pareto_logs_cgeom_p80f1/hurricane_QSNOWf48_log10_bin_eb1e-2_f8.log,0.657734,0.484282,0,,0.294344
0.488296,,,,,,,,,,,,,,,,,,,,
